titulo,autor,anio,estante_numero,estante_seccion,piso,edificio,sede
Satan's Tango (S?t?ntang?),Holden Barti,1997,87,Human Resources,99,PH,Santiago
Borderline,Virgilio Delgadillo,1993,86,Sales,87,CN,Jiancheng
Bells of Innocence,Tarah Ashtonhurst,2003,55,Training,20,PH,Dolo
"Study in Choreography for Camera, A",Fidelity Stovin,2003,66,Human Resources,88,PH,San Miguel
Medora,Terrel Howling,1989,64,Legal,16,CZ,Li?ov
Tabu,Johnath Hebbron,2010,62,Research and Development,67,RS,Despotovac
Con Air,Godfrey Ciccottio,2009,27,Research and Development,7,CN,Yuanyang
Bloodline,Maddi Fleming,2009,32,Accounting,96,PK,Hujra
Neds,Lacy Lanfear,2003,69,Human Resources,6,CZ,Bu?t?hrad
21-87,Jess Roe,2009,14,Research and Development,7,MX,Cuauhtemoc
"Lost Honor of Katharina Blum, The (Verlorene Ehre der Katharina Blum oder: Wie Gewalt entstehen und wohin sie f?hren kann, Die)",Patti Di Antonio,2001,53,Research and Development,2,MA,El A?oun
Read It and Weep,Collin Giacobilio,2002,70,Services,89,BR,Timbiras
Down and Derby,Coralyn Garn,2003,7,Business Development,15,PT,Terrugem
"Love Nest, The",Ramon Jillett,2006,79,Business Development,9,MM,Kayan
Fall of the Republic: The Presidency of Barack H. Obama,Berti Munn,1998,19,Product Management,7,ID,Krajan Tanjungrejo
Love Is Strange,Leodora Polland,2005,96,Legal,31,BY,Zaslawye
"Jazz Singer, The",Tabby Ravenshaw,2009,22,Human Resources,46,JP,Shinshiro
Always for Pleasure,Lisle Benedit,1983,20,Support,20,CN,He?an
War of the Dead - Stone's War,Nadya Huckerby,1986,3,Services,1,PH,Begang
Boy A,Courtney Liebmann,1983,49,Services,77,RU,Bratsk
Isolation,Doug Druce,2006,11,Business Development,88,CN,Maji
Werckmeister Harmonies (Werckmeister harm?ni?k),Kelley Kurten,1979,41,Research and Development,81,PE,Ccuntuma
Things You Can Tell Just by Looking at Her,Townsend Janodet,2009,29,Product Management,63,RU,Saratov
Two-Way Stretch,Ingar Sciacovelli,1969,36,Accounting,53,RU,Priyutovo
The Unexpected Love,Norris Magarrell,2011,87,Marketing,61,NL,Haarlem
Moonstruck,Osmund Knighton,2002,11,Engineering,37,GR,Kass?ndreia
Choppertown: The Sinners,Alonzo Skudder,2009,2,Human Resources,38,CM,Loum
Minuscule: Valley of the Lost Ants (Minuscule - La vall?e des fourmis perdues),Chic Domotor,2010,46,Business Development,93,PL,?widwin
"Women on the 6th Floor, The (Les Femmes du 6?me ?tage)",Merrilee Westbrook,2002,82,Training,55,AF,Nahr?n
My Cousin Vinny,Wyatt Greder,1996,86,Support,41,RU,Severnyy
"Life Aquatic with Steve Zissou, The",Cameron Blankhorn,1992,64,Services,50,CZ,Rychnov nad Kn??nou
Unmade Beds,Krystyna Wilshere,2010,70,Engineering,81,ID,Bijeli
Cockneys vs Zombies,Peterus Bolan,1993,63,Services,31,CN,Marelesu
Star Trek V: The Final Frontier,Bev Shaw,1999,75,Accounting,67,CU,Ranchuelo
"Enforcer, The",Ira Teague,1992,100,Sales,88,CN,Shankeng
Allan Quatermain and the Lost City of Gold,Koren Eliot,2010,29,Engineering,20,LT,?ventoji
I Dream Too Much,Rich Scarisbrick,1986,1,Legal,32,ID,Majingklak
Fuga de cerebros,Hilarius Brolan,2010,53,Training,52,TO,Neiafu
28 Up,Pip Cloney,1994,1,Support,59,UY,San Javier
"Cercle Rouge, Le (Red Circle, The)",Rosemarie Congreave,2003,35,Accounting,37,FR,Sallanches
Armored Car Robbery,Erinn Kelcher,2000,61,Training,100,AR,Clorinda
Black Legion,Suzi Bruun,2009,92,Research and Development,46,PL,P?powo
Driving Lessons,Grayce Hails,2000,27,Marketing,19,ID,Lokuuy
Looking for Maria Sanchez,Kerrill Brobeck,2006,82,Accounting,10,TH,Wichit
Please Give,Cassi Hilhouse,1999,61,Human Resources,20,US,Kansas City
"Crowd, The",Lucienne Girardengo,2008,48,Accounting,42,US,Grand Rapids
Mourning Becomes Electra,Kristine Karlicek,1993,54,Services,31,KH,Ban L?ng
My Chauffeur,Balduin Stummeyer,2001,91,Product Management,30,MA,Temara
"Bachelor Party, The",Nicolis Hiscocks,2009,58,Sales,60,AF,Lashkar G?h
Happy We (Tv? killar och en tjej),Myrtia Stuer,1997,47,Accounting,52,MK,????????
To Die For,Farand Brolechan,2001,74,Product Management,37,ID,Cisaro
Hell in the Pacific,Deane Piller,1997,40,Business Development,10,LV,Riebi?i
What Men Talk About,Alick Leif,1994,32,Accounting,77,PT,Bairro do Marga?a
Girl with a Pearl Earring,Laureen Addionizio,2004,29,Product Management,100,PL,Unis?aw
Narrien illat,Winonah Prose,1993,45,Business Development,95,CN,Sunjia Buzi
"Final Option, The (Who Dares Wins)",Lian Levane,1995,35,Training,8,SE,?kersberga
Bigga Than Ben,Dimitri Greenhaugh,1998,80,Business Development,42,CN,Baojia
"Belly of an Architect, The",Rania Ortell,1964,68,Business Development,52,PH,Cagdianao
All About Steve,Charmian Lindop,2010,3,Research and Development,19,ID,Gresik
"Day at the Races, A",Sansone Schumacher,1993,26,Support,30,PE,Chacapalpa
Friends with Money,Corly Lampard,1996,65,Accounting,22,MY,Melaka
George Carlin: It's Bad for Ya!,Gerri Jerrolt,1986,29,Services,32,CN,Meixi
Maximum Overdrive,Antonella Ceaser,2004,97,Research and Development,29,PL,Pantalowice
Summer and Smoke,Andre Caldwall,1993,16,Services,56,CN,Zhanghekou
Justice League: The Flashpoint Paradox,Matty Mainz,1998,55,Marketing,69,ID,Boro
Crocodile Dundee II,Kora Huge,2001,28,Marketing,74,BR,Cubat?o
Art and Craft,Dalston Symondson,2007,6,Marketing,80,ID,Citarik
"Great Flamarion, The",Laurianne Danbi,2011,11,Marketing,95,HT,Quartier Morin
"Watcher, The",Nissa Colpus,1997,76,Support,5,ID,Kedungwringin Satu
Interiors,Carina Sponer,2007,27,Product Management,48,MX,Benito Juarez
"Ugly, The",Miquela Itzkovwich,2009,29,Business Development,41,RS,Kikinda
The Violent Professionals,Cassi Croley,2003,86,Legal,19,CN,Fuliang
"Andromeda Strain, The",Field Bradlaugh,2011,25,Business Development,37,BR,Catu
Daltry Calhoun,Idalina Woodruffe,1994,69,Human Resources,36,ID,Cibalieur
Dimensions of Dialogue (Moznosti dialogu),Aggi Pietrzyk,2007,49,Legal,47,MK,Dolno Pal?i?te
Teachers,Caresa Shewring,2007,99,Sales,36,CN,Xinhua
Snow White,Lea Bonellie,2004,43,Accounting,80,PH,San Juan
Salvage,Herve Mioni,1990,40,Services,70,SE,V?llingby
Nightmare,Robbin Sleford,2000,32,Services,6,RU,Nyazepetrovsk
If You Could See What I Hear,Sebastian Wolffers,2002,64,Research and Development,19,CN,Tianqian
Do the Right Thing,Harrison MacSorley,2012,46,Research and Development,98,CN,Yixi
Casualties of War,Victoir Swabey,1997,27,Human Resources,18,CN,Nianba
Flight of Fury,Alisun Quye,1992,67,Sales,91,UA,Slatyne
"Crimson Rivers 2: Angels of the Apocalypse (Rivi?res pourpres II - Les anges de l'apocalypse, Les)",Donnie Vala,2002,93,Marketing,62,CN,Lixi
'71,Aharon Wasbrough,2008,13,Research and Development,84,ID,Sadar
"Broadway Melody, The",Emily Koene,2007,60,Training,95,RU,Ust?ye
3 Women (Three Women),Callida Abramovicz,1992,62,Services,1,CN,Buliu
Assassination of a High School President,Barnaby Breinl,2000,43,Research and Development,24,BR,Bauru
"Proud and the Beautiful, The (Orgueilleux, Les) (Proud Ones, The)",Saraann McGuinness,2005,78,Business Development,39,ID,Jembangan
Slappy and the Stinkers,Myranda McKeevers,1993,66,Services,73,MX,Providencia
Black Rock,Alyda Buye,1989,81,Product Management,55,PT,Sever do Vouga
Killing Words (Palabras encadenadas),Daryn Swoffer,1996,58,Human Resources,83,PL,S?popol
"Dirty Dozen, The: The Fatal Mission",Olympia De La Haye,1991,43,Marketing,87,BY,Byerazino
"Anniversary, The",Halie Killough,2010,47,Training,28,PH,Guiuan
Delicacy (La d?licatesse),Gerhardt Pavlata,1998,35,Product Management,47,SE,V?stervik
SherryBaby,Fan Lessmare,2002,73,Legal,49,FI,Loimaan Kunta
Open Windows,Levey Fassman,2012,38,Engineering,98,PE,Condoroma
Hit the Bank (Vabank),Christiane Bartke,2008,9,Sales,36,CN,Datong
Tommy Boy,Demetre MacGow,1966,96,Services,15,TD,Goundi
"Diary for Timothy, A",Leia Domb,1992,97,Legal,97,NI,Las Sabanas
Batman Forever,Delmar Chinnery,2011,30,Support,73,MY,Kuching
Super Rich: The Greed Game,Michell Netherclift,1998,23,Services,35,US,Rockford
Resident Evil: Afterlife,Scotti Lippiett,2007,96,Training,77,BR,Abreu e Lima
Diary of a Wimpy Kid,Beaufort Chaucer,1994,79,Accounting,31,PH,Bangan-Oda
Love and Other Drugs,Justinian Causton,1995,45,Legal,49,PH,Sagud-Bahley
7 Dwarves: The Forest Is Not Enough,Kristy Tregiddo,2001,86,Research and Development,62,BR,Herval
Bob Saget: That Ain't Right,Harmon Borrows,2010,61,Marketing,96,UA,Kulykiv
"Grudge 3, The",Almeda Bridgestock,2005,37,Marketing,15,PE,Pampa Hermosa
The Walking Hills,Jenda Barrick,1988,24,Product Management,69,CL,Nacimiento
Crime at the Chinese Restaurant,Lynn Olpin,1992,96,Marketing,39,AU,Launceston
Ethel,Sonya Aujouanet,1972,26,Accounting,13,CN,Jicun
Jim Jefferies: BARE,Jasen Travers,2012,76,Services,73,PE,Huayucachi
Savage Grace,Joly Condict,2011,8,Sales,32,CN,Jiehu
"Flame of New Orleans, The",Zollie Pomphrett,2011,88,Business Development,15,CZ,?ehlovice
Farmer & Chase,Shara Mousdall,1995,72,Legal,55,ID,Sungai Iyu
Japanese Summer: Double Suicide (Muri shinj?: Nihon no natsu),Hort Lichfield,2011,40,Sales,50,CN,Fenjie
The Hatchet Man,Alix Autry,1998,61,Research and Development,74,CN,Cikai
Romanzo Criminale,Georgena Beneyto,2010,20,Marketing,15,SD,El Bauga
Coriolanus,Cosme Gotthard.sf,2010,85,Sales,26,CN,Nanyi
"Omega Man, The",Brien Elliston,2003,96,Engineering,76,CN,Heishui
Drift,Allen Rangall,2002,83,Training,97,CN,Huliao
"End of Poverty, The",Vincenty O' Shea,1995,81,Support,3,CN,Meixi
Trek Nation,Gussie Balmann,2001,45,Research and Development,89,ID,Pasarbaru
36 fillette,Lem Ringer,1998,58,Product Management,93,GH,Obuasi
Murder by Numbers,Aristotle Fonso,1995,82,Human Resources,30,UA,Marshintsy
Floods of Fear,Viviyan Attrill,1989,19,Research and Development,26,CN,Honghualiangzi
Children of the Corn,Walden Brookhouse,2007,7,Engineering,71,CN,Leiyang
Evolution,Dewie Caley,1994,66,Human Resources,81,BR,Lauro de Freitas
Puppetry of the Penis: Live at the Forum (Puppetry of the Penis: The Ancient Art of Genital Origami),Mildrid Woodland,2008,31,Support,25,CN,Tengqiao
Santos,Mozes Ormes,2009,100,Product Management,9,CA,Selkirk
A Merry Friggin' Christmas,Mora Gorelli,2005,59,Support,79,TZ,Muheza
"To Do List, The",Fallon Ben-Aharon,2001,70,Business Development,82,SE,Bromma
Farewell to Matyora,Hamilton Gillam,1997,51,Services,27,ID,Rote
Palestine Is Still the Issue,Leonardo Paulat,1988,35,Marketing,96,ID,Pasauran
"Trip, The",Lucas Assiratti,2001,6,Support,61,BR,Itarana
Nora's Will (Cinco d?as sin Nora),Claretta Nollet,2005,17,Marketing,14,AF,?sm?r
"Bachelor and the Bobby-Soxer, The",Munmro Bundock,2007,99,Marketing,4,CN,Zhouji
Christmas Carol: The Movie,Ernestus Estevez,2006,45,Business Development,46,RU,Smolino
Marriage Material,Eunice Anglish,2010,54,Business Development,58,TJ,Kolkhozobod
LOL (Laughing Out Loud),Hatti Heys,2004,25,Legal,55,UY,Mariscala
Big Man Japan (Dai-Nihonjin),Xena Float,2006,52,Services,12,ZA,Camperdown
Street of Shame (Akasen chitai),Vin Commander,1997,72,Legal,93,CN,Tongda
Barefoot Gen 2 (Hadashi no Gen II),Wallis Joutapavicius,1994,48,Human Resources,90,BY,Svislach
Happy Birthday to Me,Ingrim Crichmer,2001,33,Accounting,13,BR,Po?os de Caldas
Walk on Water,Barbie Elecum,2000,95,Engineering,66,RU,Inozemtsevo
Rapa Nui,Fritz Gerkens,1992,39,Training,83,RU,Verkhnyaya Khava
12 Dates of Christmas,Candida Baly,2008,47,Services,58,SE,S?ffle
Turbo,Zia Abbati,1996,2,Accounting,55,SE,Olofstr?m
Warrior,Josephine Jewel,2005,79,Training,83,CN,Danchang
"Unknown Soldier, The (Tuntematon sotilas)",Gennifer Ince,1992,9,Business Development,2,SE,Perstorp
A Cinderella Story: Once Upon a Song,Katie Aldington,1997,4,Training,47,PT,Chav?o
"Iran Job, The",Petra Rulten,1992,68,Engineering,77,PE,Mache
One Wonderful Sunday (Subarashiki nichiyobi),Blaine Kirstein,1998,94,Business Development,63,CN,Mingjiu
Sol,Nancie Baggelley,2004,16,Marketing,69,SA,Al Jar?d?yah
"Sunchaser, The",Westley Dyneley,1996,88,Human Resources,59,CA,Boucherville
"Girl, The",Lulu Stanion,2008,56,Research and Development,34,NO,Oslo
Amigo,Nettie Hathorn,2000,25,Business Development,33,SY,Al Bahl?l?yah
"O-Bi, O-Ba - The End of Civilization (O-bi, O-ba - Koniec cywilizacji)",Kristan Novak,2010,21,Sales,75,RU,Uryupinsk
"Pier, The (Jet?e, La)",Shea Starling,1988,2,Research and Development,39,FR,L'Union
Tales of Manhattan,Fowler Pflieger,2012,35,Legal,56,ID,Kabongan Kidul
Victim,Alethea Sitch,2010,12,Research and Development,58,US,Los Angeles
Hen Hop,Brenda Manilow,1993,41,Services,70,ID,Kebonkaret
Eve's Bayou,Meredith Marjoribanks,1989,89,Business Development,93,GB,Denton
"American Tail: Fievel Goes West, An",Sergei Kimblen,2012,80,Services,30,PL,Bledzew
"Yes Men Fix the World, The",Susy Attwoull,2004,36,Services,52,SE,?stersund
Hall Pass,Murdock Cisson,1989,74,Training,7,CN,Tuopu Luke
My Sons (Musuko),Price Guirardin,1995,83,Product Management,74,VN,Thanh Xu?n
Snakehead Terror,Hector Bamb,1994,28,Business Development,77,UA,Bilhorod-Dnistrovs?kyy
The Wait,Seana Ixor,1996,47,Business Development,25,ID,Peuara
"Comebacks, The",Fredek Lockery,1982,33,Marketing,4,CZ,M?cholupy
"Memphis Belle: A Story of a Flying Fortress, The",Charita Flacknell,2010,52,Support,80,AR,Pozo Hondo
Take Shelter,Glen Persich,1985,20,Business Development,33,CN,Wangcun
"Last Run, The",Shaughn Tapply,1997,4,Product Management,31,RU,Vazhiny
Hellboy II: The Golden Army,Mable Cory,2011,18,Support,54,DO,Bayaguana
"Crying Game, The",Biddie Bexley,1997,43,Product Management,80,CO,El Retorno
Katt Williams: Priceless: Afterlife,Julieta Antonignetti,2000,73,Training,70,GR,Ouranoupolis
Rising Sun,Melisse Fynn,2002,38,Support,14,MY,Ipoh
Lost in Space,Adamo Paschke,1989,23,Research and Development,81,GR,?no Li?sia
Hunger,Wilburt Ducket,2004,11,Marketing,32,AL,Krutja e Poshtme
BFFs,Harp Lesurf,1999,40,Services,5,AT,St. Anton an der Je?nitz
"Nutcracker, The",Raimundo Allawy,1997,2,Engineering,40,ID,Pisang
"Lord of the Rings: The Two Towers, The",Betsy Kimmons,2006,55,Human Resources,97,CN,Aozai
Soldier Blue,Roi Sitch,1974,42,Sales,49,CN,Huangmao
I Could Go on Singing,Parry Bythell,1997,11,Business Development,8,CN,Qiujima
Star Wars: Episode IV - A New Hope,Lavinia Toretta,2006,88,Services,62,ID,Labuhansumbawa
"Dinosaur Project, The",Ignazio Lecount,2000,89,Engineering,66,AR,Puerta de Corral Quemado
Zombies of Mora Tau,Brodie Goulden,2011,20,Engineering,66,AU,Sydney
Band Baaja Baaraat,Elspeth Kid,2004,21,Marketing,84,UA,Smyga
Live Free or Die Hard,Rosene Vannoort,2007,70,Engineering,77,NE,Dosso
Seduced and Abandoned (Sedotta e abbandonata),Paxton Samuels,1991,56,Legal,26,PL,Sadkowice
Peeping Tom,Theressa Larroway,1993,40,Legal,29,RU,Rostokino
"Goodbye Girl, The",Napoleon Divina,2003,36,Sales,11,PT,Espinho
Stuart Little 3: Call of the Wild,Sancho Soigoux,2003,7,Legal,96,CN,Caofang
Trapped in the Closet: Chapters 1-12,Gretel Loachhead,2001,39,Research and Development,35,TZ,Kilimatinde
Brothers,Joscelin Poluzzi,2012,25,Marketing,34,ID,Bulahblangaro
Bean,Willis Ingham,2011,96,Legal,58,PH,Lapuz
Pennies from Heaven,Franciskus Saphir,1998,34,Sales,14,UA,Sheshory
Young Tom Edison,Jaime Purchon,1994,71,Business Development,90,ID,Pancoran
Bleak Moments,Tyne Maly,1965,43,Research and Development,59,LA,Xam Nua
Earth vs. The Spider,Blondelle Plank,1985,31,Research and Development,5,PE,Pocsi
Going Overboard,Cordelie Claxton,2009,68,Engineering,41,ID,Kotabaru
"Missionary, The",Andi Margaritelli,2010,28,Business Development,45,MY,Johor Bahru
The Invitation,Delbert Brecher,2001,18,Business Development,40,SE,Bandhagen
Holy Man,Philis Godar,1995,54,Human Resources,80,FI,Kaustinen
"Descent: Part 2, The",Tadio Lorriman,2003,17,Sales,24,RU,Orsk
Petals on the Wind,Derrek McIlherran,2002,51,Legal,52,AL,Puk?
Ulee's Gold,Hugo Zecchinii,1996,47,Support,74,RW,Kigali
Stargate: Continuum,Loree Eacle,1995,90,Business Development,37,CN,Baisha
Confidential Agent,Rebekkah Cocks,2009,29,Support,70,PH,Santo Domingo
A Gathering of Eagles,Lewiss Barde,1996,82,Support,62,TG,Bafilo
9 Month Stretch (9 mois ferme),Sandie Knowlton,2010,43,Sales,20,CO,Canalete
WarGames,Stephie Bohlmann,1986,99,Product Management,100,CO,Ibagu?
"Ward, The",Michal Ivanyushkin,1986,94,Engineering,49,CN,Jizhou
Silent Wedding (Nunta Muta),Tore Chatfield,2002,8,Human Resources,95,CN,Wangge?ertang
Kiss Me Goodbye,Alverta Brinded,1988,9,Support,71,ID,Bofuer
Sanatorium,Edythe Domoni,1995,27,Human Resources,96,PL,Niebylec
Mr. Baseball,Cristen Thurner,2004,69,Training,81,RU,Svetlogorsk
Patton,Nan Sickamore,2001,33,Sales,99,PT,Altares
I Was A Communist for the FBI,Wylie Ormesher,2006,6,Sales,74,MV,Muli
Dragon Ball Z the Movie: The World's Strongest (a.k.a. Dragon Ball Z: The Strongest Guy in The World) (Doragon b?ru Z: Kono yo de ichiban tsuyoi yatsu),Lishe Croster,2007,1,Engineering,5,TZ,Bukonyo
White Night (Hvid nat),Almire Scathard,1988,11,Engineering,5,ID,Taman
"Mouse That Roared, The",Gilbertine Raison,2000,62,Sales,47,PT,Barqueiro
Grateful Dawg,Law Barkly,2012,94,Services,88,PL,Winnica
Dirty Filthy Love,Darsey Doige,1997,82,Marketing,48,CN,Anren Chengguanzhen
"Farewell, My Queen (Les adieux ? la reine)",Lesly Burke,1992,65,Training,92,CN,Sanli
Thank Your Lucky Stars,Marv Birckmann,1998,75,Support,15,BG,K?rdzhali
All In This Tea,Bev Slopier,2009,82,Product Management,34,TH,Ban Na San
Jailhouse Rock,Hannis Janicek,2004,53,Business Development,51,PH,Bonga
If Lucy Fell,Gustaf Ambrus,2002,57,Human Resources,81,ID,Aengceleng
Inventing the Abbotts,Ayn Beazer,2006,85,Sales,52,FM,Nukuoro
Greyfriars Bobby (a.k.a. Greyfriars Bobby: The True Story of a Dog),Georgianna Yetts,2003,46,Product Management,41,CI,S?gu?la
"Man with a Cloak, The",Gwendolen Claus,2011,93,Sales,57,US,Lancaster
Croupier,Ulises Seear,2010,78,Human Resources,24,BR,Jaru
Commander Hamilton (Hamilton),Adoree Aleksashin,1999,94,Services,53,KP,Hyesan-si
Happy Tears,Terrill Mottershead,2009,74,Legal,9,NO,Oslo
Southern Comfort,Arney Besque,2006,7,Accounting,87,KG,Sulyukta
Magic Man,Nick O' Driscoll,2004,24,Services,69,PE,Pajarillo
"Deceivers, The",Shurlocke Tschursch,2011,96,Sales,74,MK,????????
Tale of the Mummy,Leda Yukhnev,2011,81,Sales,57,ID,Wahawaha
Live Music,Willabella Childes,2008,59,Engineering,73,JP,Iwatsuki
Fahrenheit 451,Marcellus Durnall,1996,91,Human Resources,73,PH,Malabang
"Mating of Millie, The",Maisey Davall,1985,52,Human Resources,97,CN,Nagqu
Mystic River,Taylor Doick,2008,35,Support,90,BR,Juazeiro do Norte
So Dear to My Heart,Deerdre Ferry,2007,65,Business Development,45,CN,Tiannan
Alone in the Dark,Isak Ovill,2009,29,Support,48,EG,?awsh ??s?
Bubble,Ida Breazeall,1996,98,Product Management,19,BR,Jatob?
Stuart Little,Zabrina Billison,1992,42,Human Resources,82,BR,Monte Azul Paulista
Sudden Manhattan,Amelita Bigby,2010,56,Accounting,27,FI,Taavetti
Bonnie and Clyde,Benedict Pizey,2005,7,Sales,96,SE,Skellefte?
Pigs and Battleships (Hogs and Warships) (The Flesh Is Hot) (Buta to gunkan),Kittie Burcher,2004,77,Training,16,PH,San Francisco
Trekkies,Barbabas Beggan,1996,13,Business Development,40,PH,Baugo
White Lightning,Odella Skelhorne,1998,67,Services,90,CN,Yashiga
"Extra Man, The",Loren Riha,2006,99,Accounting,95,US,Sacramento
Amateur,Nicole McGriele,2006,11,Engineering,78,CN,Kangmei
Two Lovers,Paolina Banham,2002,2,Research and Development,29,MX,Lindavista
Radio,Tiffie Stedall,2003,21,Business Development,77,CN,Baimangpu
Rage,Lucian Nuccii,1996,47,Services,89,FR,Amiens
Forbidden,Sydney Samarth,2011,81,Legal,28,MX,Lazaro Cardenas
"Interview, The",Ursuline Blandford,2009,32,Engineering,69,PL,Krzepice
Odette Toulemonde,Delcina Henrion,1999,70,Legal,74,MX,Las Palmas
Time Freak,Jacqui Buckenham,2012,86,Engineering,1,NO,Sandefjord
Cinderella Man,Darbie Terzza,2007,84,Support,4,CN,Taoyuan
Like Stars on Earth (Taare Zameen Par),Goldina Melvin,2012,49,Legal,81,CM,Bogo
Omega Doom,Daffie Lickorish,2004,63,Research and Development,74,RU,Baryshevo
The .44 Specialist,Valaree Antoniottii,2007,93,Research and Development,17,CA,Hearst
"That Day, on the Beach (Hai tan de yi tian)",Madeleine Cornes,2006,61,Training,43,NI,San Rafael del Sur
Axed,Ivory Carvilla,1987,54,Accounting,72,CN,Xinli
"Banger Sisters, The",Goddart Ledrane,1998,61,Product Management,79,LV,Priekule
Observe and Report,Vaughan Shawl,2010,97,Services,69,NO,Skien
Tribute,Magdaia Cota,2012,68,Services,63,US,Lancaster
Untamed Youth,Wilden Windrass,2006,90,Product Management,39,RU,Priyutovo
Eye for an Eye,Mirella Dermot,2008,21,Support,62,SE,Falk?ping
"Last Laugh, The (Letzte Mann, Der)",Tallou McCromley,1983,70,Product Management,65,CN,Junxi
Skin Deep,Rudiger Polland,1995,45,Accounting,19,US,Omaha
Virtual Sexuality,June Alford,1995,55,Research and Development,98,TH,Krasae Sin
Role/Play,Pammie Leif,2004,37,Human Resources,55,CN,Xuhui
Thomas Jefferson,Eartha Qusklay,1989,84,Engineering,89,IQ,H?t
Center Stage,Marney Alcide,1993,56,Training,74,PT,Camacha
Target,Latrina Mayhead,2004,96,Research and Development,1,DE,Osnabr?ck
That Obscure Object of Desire (Cet obscur objet du d?sir),Mendy Bountiff,2001,72,Accounting,27,FR,Nanterre
Hearts Divided,Jackson Gooch,2009,48,Research and Development,38,CN,Wenlin
First a Girl,Arri Brierton,1994,98,Engineering,46,CN,Qianzhou
"Giant of Marathon, The (Battaglia di Maratona, La)",Cirilo Pauley,2007,57,Legal,7,CN,Jiulongshan
Over the Hedge,Peterus Pimley,1995,57,Product Management,79,CM,Douala
Music in the Air,Filia Peeke-Vout,2007,3,Services,89,CN,Haoba
Children of the Corn IV: The Gathering,Sonny Hebbes,2001,13,Training,56,CN,Dongshan
Float,Lazare Kreuzer,2008,17,Sales,41,PT,Fornos
Answer This!,Marlena Matys,2000,8,Accounting,84,UY,Dolores
"Promotion, The",Lusa McKeachie,2009,44,Training,2,BR,Novo Hamburgo
No Turning Back,Leland Grishakov,1988,15,Business Development,25,PT,Paderne
Boudu Saved From Drowning (Boudu sauv? des eaux),Bryn Zold,1987,11,Support,76,PH,San Pedro
Ronal the Barbarian,Simonette Downey,2005,15,Business Development,62,AO,Lubango
Tali-Ihantala 1944,Suzie Agus,1993,28,Marketing,63,LY,Zal?an
Invitation to a Gunfighter,Vittorio Mynett,2010,81,Research and Development,26,SE,Ume?
"Good Wife, The",Mortimer Sommerlin,1988,50,Research and Development,33,CN,Mazongshan
Jim Jefferies: BARE,Ginnie Itshak,2012,6,Research and Development,39,PH,Union
Zorro,Farica Garrison,2009,96,Services,51,AF,Jabal os Saraj
Hello Down There,Carena Mulmuray,1990,82,Services,67,CN,Pingxiang
Beauty and the Boss,Noe Gowman,1967,55,Product Management,33,CN,Hake
G.B.F.,Lief Woodroffe,1997,54,Human Resources,69,ID,Pakuncen
Roadkill (a.k.a. Roadkill: Move or Die),Guthrie Robison,1996,84,Research and Development,10,CN,Wangpu
A Night in the Show,Osmond Muckleston,1977,21,Research and Development,5,CN,Yangjia
Gaudi Afternoon,Ev Brouard,2010,50,Legal,82,JP,Tenri
Gun Shy,Kimbell Siss,2007,99,Accounting,29,RU,Perepravnaya
Wild Bill,Fernandina Afield,2000,73,Accounting,50,JP,Himi
"Lord of the Rings: The Two Towers, The",Jeno Macconachy,1998,90,Business Development,28,US,Albuquerque
"Adventures of Sebastian Cole, The",Karoly Bortolini,2002,58,Support,53,CN,Wuying
Bungee Jumping of Their Own (Beonjijeompeureul hada),Minnaminnie Darinton,1993,46,Product Management,99,CN,Wenfeng Zhen
Ernest Saves Christmas,Daffi Slyford,2000,45,Sales,49,KZ,Burunday
Two Queens and One Consort (Twee vorstinnen en een vorst),Mikael Krysztofiak,2012,58,Engineering,76,ID,Kembangkerang Satu
"Front, The",Remy Libby,2007,60,Training,31,PL,Brzyska
"Place Promised in Our Early Days, The (Kumo no muk?, yakusoku no basho)",Ingemar Thomke,2009,35,Support,68,TH,Dong Charoen
"Trial of Billy Jack, The",Myrlene Leeming,1989,64,Accounting,83,RU,Novosil?
"5 Deadly Venoms, The (Wu du) (Five Deadly Venoms)",Kylila Alltimes,2003,48,Training,95,CN,Haixing
"Breaktime, The (Zang-e Tafrih) (Recess)",Rodina Chidwick,2012,45,Services,65,US,Saint Louis
Edward Scissorhands,Nikolaos Grassett,1999,11,Product Management,78,BR,Buritis
"Second Civil War, The",Kai Rizzo,2002,34,Training,36,HR,Vara?din
How to Stuff a Wild Bikini,Kayle Yetts,1997,9,Research and Development,71,PL,Kobiernice
Plutonium Circus,Rochelle Millea,2007,24,Training,83,CN,Nanxing
"Jackal, The",Meghann Filippo,1994,52,Engineering,47,CN,Nehe
Boo to You Too! Winnie the Pooh,Thornton Tiffin,2005,98,Research and Development,44,GR,Site?a
Nobody Lives Forever,Amalea Gubbin,1995,49,Sales,52,CN,Huabeitun
To.get.her,Evania Filgate,2011,53,Research and Development,75,FR,Arles
ComDads (les Comp?res),Darius Morcom,1992,26,Services,50,IT,Laspezia
Impulse,Arlen Bucklan,2003,5,Product Management,7,CN,Huang?ao
Tarzan Finds a Son!,Quinton Manilow,1999,15,Product Management,11,CN,Mingguang
Sydney (Hard Eight),Hubey Atwell,2005,75,Services,100,BR,Sousa
"Indian Runner, The",Leigh Shave,2008,42,Marketing,39,KH,Stung Treng
Kiss Me Goodbye,Hastie Semple,2009,7,Human Resources,74,KG,Kyzyl-Kyya
Two Sisters from Boston,Gwendolyn McCallion,2003,91,Services,30,PA,Cusap?n
This Movie Is Broken,Hildegaard Covotti,2005,16,Marketing,96,PH,Santa Lucia
Vengeance: The Story of Tony Cimo,Jan Goering,2005,100,Human Resources,63,ZA,Roodepoort
"Night in Heaven, A",Bernard Spat,1989,91,Accounting,61,ID,Ciampea
Captain Phillips,Agnes Comrie,1995,43,Accounting,79,RU,Lomintsevskiy
Werner - Volles Roo???,Sansone Malicki,2013,66,Services,95,RU,Bud?nnovsk
Tarantella,Lorne Arlett,2006,43,Human Resources,23,PH,Nagpandayan
Autopsy,Pen Schinetti,1985,59,Services,74,CA,Rivi?re-du-Loup
"Grand Budapest Hotel, The",Neda Bunston,2008,3,Product Management,66,CN,Lingyuan
For a Lost Soldier (Voor een Verloren Soldaat),Gerhard Wiltshaw,1990,75,Legal,90,GT,San Pedro Jocopilas
"Runner, The (Davandeh)",Nikki Hatherleigh,1996,95,Engineering,37,RU,Novosil?
Falling Awake,Maurita Burdoun,1997,86,Business Development,76,HN,R?o Blanquito
Unrest,Jasen Peploe,1995,58,Marketing,27,TH,Phanat Nikhom
"Marriage Circle, The",Hymie Divers,2009,56,Support,73,US,Indianapolis
Yankee Zulu,Genny Merigon,1993,64,Support,63,TH,Dan Makham Tia
It Happened Tomorrow,Tobye MacNish,2006,47,Human Resources,98,JP,Chiba
Godzilla Against MechaGodzilla (Gojira tai Mekagojira),Anderea Semeniuk,2004,5,Training,90,IE,Ballina
Against All Flags,Kev Speedy,2000,11,Business Development,55,CN,Anjie
So I Married an Axe Murderer,Hyacinth Cornau,2009,92,Business Development,65,CN,Wutong
Precious Find,Hans Meeland,1989,49,Support,66,CN,Hecheng
Des roses en hiver,Karel Schubart,2010,12,Marketing,9,CN,Liutangting
Die Hard,Terri-jo Hartright,2000,45,Services,26,CN,Xishaping
"Bride with White Hair, The (Bai fa mo nu zhuan)",Shelli Hutton,1993,87,Business Development,57,CN,Tuanfeng
Friends with Money,Essy Frondt,2010,45,Training,6,ID,Cirahab
I'm Reed Fish,Perry Brassington,2005,94,Support,52,PL,Kuczbork-Osada
"Man from Snowy River, The",Theodosia Tooting,1992,89,Support,77,RU,Ramenki
Sarafina!,Guthrey Emmerson,2011,12,Sales,19,PT,Alc?cer do Sal
Just Like a Woman,Lewiss Boundy,1993,83,Business Development,20,PH,Little Baguio
Loaded,Joane Margram,2002,66,Accounting,34,DE,K?ln
Shadow Magic,Lyndell Thor,2007,10,Business Development,3,PH,Baclayon
Leather Jacket Love Story,Darelle Buncombe,1993,47,Human Resources,40,MA,Tiztoutine
Hanging Up,Amalia Hartmann,1992,41,Sales,18,BD,Jam?lpur
Vivre sa vie: Film en douze tableaux (My Life to Live),Mohammed Collihole,2012,38,Sales,32,PT,Casal do Relvas
Destiny Turns on the Radio,Nadeen Cicconetti,1986,99,Marketing,80,ZW,Chegutu
Cremaster 5,Davida Priden,1996,31,Accounting,78,UA,Kostyantynivka
Thieves by Law (Ganavim Ba Hok),Clarette Rablan,2001,39,Engineering,64,CN,Ganyi
Breaking Point,Maire Perocci,2002,4,Support,54,CN,Hezhang
Operation Dumbo Drop,Adair Bemrose,2006,75,Research and Development,6,CN,Daji
Homevideo,Betti Grishukov,1985,38,Accounting,56,LV,Aizkraukle
Kummeli Goldrush (Kummeli kultakuume),Bailie Cokely,2009,85,Services,59,BO,Uyuni
"Yards, The",Abigail Newbury,1996,48,Support,14,GR,Evxino?polis
Voyage to the End of the Universe (Ikarie XB 1),Petronella Pesselt,1997,10,Legal,39,PE,Trinidad
Stockholm East (Stockholm ?stra),Ara O'Glassane,2007,75,Marketing,56,PS,Sh?kat a? ??f?
History of Hell (Rosas H?llenfahrt),Kattie Forward,2004,70,Human Resources,45,RU,Novokuz?minki
Katze im Sack,Neil Malkin,2008,12,Services,33,CO,Pueblo Nuevo
Trainer on the Beach 2,Saraann Vedenichev,1997,9,Support,2,FR,Alfortville
"Acadia Acadia?!? (L'acadie, l'Acadie)",Gilberta Merriott,1996,81,Services,26,CN,Ya?ergenchu
Where the Road Meets the Sun,Heidi Harmon,2006,1,Human Resources,43,KW,?awall?
Infernal Affairs (Mou gaan dou),Meade Hamblett,2011,84,Accounting,15,CN,Shanhou
Lady in Cement,Faun Bisseker,1994,80,Sales,67,ID,Tuamese
Death Hunt,Jemimah Ivanov,2003,92,Research and Development,34,CZ,He?man?v M?stec
Garbo the Spy (Garbo: El esp?a),Alvie Grahame,1987,82,Marketing,12,CN,Yunlu
Survival Island (Three),Henry Whittier,1993,55,Business Development,36,ID,Lohayong
Thin Ice,Deane Worley,1995,75,Legal,77,CV,Calheta
"Place in the Sun, A",Wilow Ebrall,2003,24,Marketing,72,ID,Tuateta
Aftershock,Jada Keave,2005,31,Research and Development,10,PT,Eiriz
Another You,Dame Cuddehay,2008,13,Accounting,51,PL,Chodzie?
Go Get Some Rosemary (Daddy Longlegs),Gretel Kyneton,2003,18,Human Resources,17,PH,Caramay
Man's Favorite Sport?,Teriann Auty,2012,28,Sales,75,ID,Doropayung
Tortilla Flat,Georgina Sogg,1984,3,Accounting,75,ID,Madette
Cure,Cherilyn Mayoral,2008,92,Legal,82,CN,Sanjiang
Mimic 2,Jennie McIndrew,1966,3,Product Management,6,BR,Rolante
"Golden Christmas, A",Cornela Janowski,2005,4,Research and Development,4,MM,Myitkyina
"Sandlot, The",Mack Saich,1996,89,Research and Development,38,HR,?rnovo
"Source, The",Willey Abrahamsen,2009,83,Services,58,CN,Hushi
Female Trouble,Quill Gringley,1988,49,Business Development,64,CN,Hechuan
Vision (Vision - Aus dem Leben der Hildegard von Bingen),Dasi Cockren,2012,2,Engineering,90,CN,Xinfengjie
White Men Can't Jump,Bryon Dimeloe,2010,96,Research and Development,54,BR,Vacaria
Fired Up,Rosamund Trusslove,1955,85,Research and Development,90,CN,Yuqian
Bunraku,Peri Philippart,2007,54,Services,9,SY,?arast?
Clubbed,Loretta Alben,2012,12,Training,49,PH,Alilem
Rage at Dawn,Brennan Sawney,2012,9,Human Resources,12,CA,Saint-Bruno-de-Montarville
"Baron of Arizona, The",Ancell Wilbore,1992,72,Product Management,73,CN,Haizhouwobao
Spread,Bastian Corhard,1988,10,Product Management,99,ID,Cihaur
October Baby,Chaddie Rodell,1969,71,Accounting,61,AR,Venado Tuerto
"Wilby Conspiracy, The",Miranda Americi,2001,86,Accounting,85,BR,Francisco Morato
Against All Odds,Pascal McLoughlin,1993,1,Accounting,47,PT,Arrentela
Thank You a Lot,Teressa Smillie,2003,99,Business Development,1,PH,Cabog
If Only,Honoria Shine,2006,28,Marketing,42,ID,Siwalan
Overnight Delivery,Tallou Hoff,2010,42,Services,25,RU,Murmino
"Pacifier, The",Karalynn Found,2010,8,Human Resources,61,RU,Rayevskiy
Miami Connection,Jackie Paolacci,2011,14,Engineering,30,ID,Terentang
Born Romantic,Zacharia Bubeer,1996,70,Product Management,31,FI,Kuhmalahti
Examined Life,Colby De Roos,2003,14,Research and Development,66,MG,Ampasimanolotra
Surviving the Game,Arnaldo Wardesworth,2013,86,Accounting,5,CZ,Rychvald
"Crow, The: Wicked Prayer",Corinne O' Mulderrig,1995,13,Legal,56,CN,Yoiqag
Protector (Protektor),Corbin Furlow,1989,17,Sales,98,CN,Chengjiao
You're a Big Boy Now,Kylila Alesi,2004,66,Accounting,43,CN,Dingtao
Waterloo Bridge,Catriona Braidon,2012,63,Marketing,84,ID,Kotawaikabubak
Pups,Sigismondo Magson,2008,6,Training,67,BR,S?o Lu?s do Quitunde
The Siege of Firebase Gloria,Kathe Goggins,2012,1,Support,2,CN,Qi?an
Extraterrestrial (Extraterrestre),Jade Gelsthorpe,2006,44,Product Management,68,PH,Tocok
Shadows (Senki),Vonny Blore,1994,11,Services,20,CN,Lipu
"Bamba, La",Neddie Bessant,2003,53,Research and Development,62,PH,Bone South
Pinky,Roanne Jaimez,2010,54,Marketing,96,BR,Itanha?m
Monsterman (Monsterimies),Sauveur Skade,2008,52,Sales,36,CN,Beizhouzi
"Short Film About John Bolton, A",Glenn Cregeen,2011,17,Legal,89,MN,Darhan
Twice Upon a Time,Lorenza Rankine,2009,88,Business Development,13,CN,Dongli
Sometimes They Come Back... Again,Melonie Kitter,2009,81,Business Development,34,CZ,Velk? ?jezd
Grumpy Old Men,Gillie Scrowton,2001,87,Engineering,65,PH,San Vicente
"Overcoat, The (Il cappotto)",Rock Berney,2004,75,Business Development,36,NE,Tanout
Cat and Dog,Beatriz Kaes,1993,11,Sales,60,LK,Kalmunai
"Child, The",Cristina Klossmann,2008,80,Business Development,30,CA,Concord
Freeway,Hayward Salan,1996,35,Sales,92,CN,Shuanghekou
"Adventures of Mark Twain, The",Svend Armour,1994,15,Product Management,75,CN,Wenshui
Stiff Upper Lips,Lizette D'Oyley,2012,47,Training,48,ID,Suban Jeriji
Hardboiled Egg (Ovosodo),Tedman Fonso,1986,90,Legal,2,ES,Gijon
Die,Darnall Hellens,2006,27,Legal,85,HN,Santa Rosa de Agu?n
"Trip to the Moon, A (Voyage dans la lune, Le)",Vitoria Laskey,1996,21,Marketing,83,HR,Dubrava
Red Dragon,Justis Backe,2003,80,Training,90,BY,Veyno
Be with Me,Dodie Kobpal,2012,86,Services,39,PL,Jemielno
"Apparition, The",Raymund Rosenwasser,1985,32,Training,34,ID,Patalan
"Testament of Orpheus, The (Testament d'Orph?e)",Duane Parr,2005,49,Services,71,RU,Turka
Katt Williams: Priceless: Afterlife,Zebulen Weagener,2011,24,Accounting,83,ID,Laiponda
Girl on a Bicycle,Derwin Garthland,1992,42,Services,63,PK,Bad?n
Dead Time: Kala,Ora Ingerman,2008,32,Services,15,CN,Nanding
Show People,Wyndham Byrcher,2012,48,Services,26,GR,Dimits?na
Deep Cover,Caleb Jatczak,2013,82,Marketing,25,VN,Hai Ri?ng
2LDK,Natassia Harrad,1997,75,Business Development,87,CA,Parrsboro
Cadillac Man,Kleon Rosenauer,2004,87,Product Management,16,BS,Governor?s Harbour
My Brother the Terrorist,Brnaba Codron,2006,95,Services,61,AZ,Mardakyany
Black Orpheus (Orfeu Negro),Gabbie Nizard,1992,9,Human Resources,77,CN,Zhongzuiling
Firelight,Julie Staner,1994,25,Support,16,PH,Apalit
Primrose Path,Andre Ivimy,2005,23,Training,87,TH,Bang Khon Thi
"Shanghai Gesture, The",Saunders Thowes,1993,2,Accounting,59,CN,Hongsipu
Freaks,Florry Glader,2005,90,Legal,35,ID,Randu
"Children of Huang Shi, The",Susanna Bletso,1993,80,Engineering,14,LA,Xam Nua
Things You Can Tell Just by Looking at Her,Heath Trazzi,2004,69,Business Development,57,AR,Patqu?a
"Affair of the Heart, An",Merrilee Woolis,1998,23,Product Management,14,ID,Ringinrejo
Lady Snowblood (Shurayukihime),Osbourne Stolting,1964,4,Marketing,28,PT,Santa Cruz das Flores
The War at Home,Paolina Giacomoni,1992,46,Support,19,MN,Hashaat
"World According to Monsanto, The (monde selon Monsanto, Le)",Tabb Exall,2001,74,Support,15,MM,Pyay
"Big City, The (Mahanagar)",Angelia Kebbell,2005,67,Accounting,50,NE,Tillab?ri
Presidentintekij?t,Corabel Anster,1995,76,Marketing,64,AM,Argavand
"Cave, The",Sean Perot,1998,14,Accounting,53,PS,Sinjil
Hatchet,Caterina Yelding,1997,53,Services,39,SB,Auki
The Bronze,Pernell O' Sullivan,1995,2,Training,48,CN,Binhailu
"Egg and I, The",Patty McGurn,2004,18,Support,95,SI,Idrija
Venus Beauty Institute (V?nus beaut?),Dianne Casali,2004,60,Accounting,33,CN,Yuanmou
Far Out Isn't Far Enough: The Tomi Ungerer Story,Emilia Pontefract,2006,80,Training,69,CN,Nanqiao
Superman,Sammie Folshom,1994,98,Sales,39,BR,Fernando de Noronha (Distrito Estadual)
It's Alive,Teodora Ferreri,2005,47,Human Resources,32,CZ,L?n?
Porky's II: The Next Day,Easter Wagg,2006,61,Engineering,77,RU,Vyborg
Fletch Lives,Britta Egre,2001,17,Sales,67,CN,Niutang
Bloody Birthday,Beth Hurles,2003,18,Support,93,CN,Qincheng
Miracle at Oxford (True Blue),Sharlene Wingrove,2007,98,Engineering,82,US,Dallas
Sheitan,Deina Knath,2009,2,Marketing,35,PE,Bajo Pichanaqui
This Is 40,Selestina Hauxwell,1984,58,Business Development,42,EC,Montecristi
Talking About Sex,Farr Gillam,2006,57,Research and Development,59,UA,Hupalivka
Anna and the King,Elianore Clemencet,2008,99,Marketing,42,PH,Casta?as
Beats Rhymes & Life: The Travels of a Tribe Called Quest,Hildegaard Moyer,2011,40,Accounting,30,CN,Da?an
Out of Life (Hors la vie),Vasily Toma,2012,85,Business Development,79,PE,Bellavista
Tipping the Velvet,Von Vasiltsov,1995,66,Support,9,US,New York City
Underworld: Awakening,Gretchen Elles,2004,62,Accounting,72,JP,Kameyama
Saturn 3,Uta Heino,1998,80,Sales,48,CO,Acac?as
"Story of Luke, The",Jud Copelli,1968,34,Business Development,43,SS,Yambio
Private Hell 36,Grannie Butrimovich,1963,52,Sales,50,HR,Ba?ka Voda
"Edge, The (Kray)",Merle Munson,2007,25,Engineering,94,CN,Wangmeng
Choking Man,Park Gasticke,2001,30,Services,79,AO,N?dalatando
Fire-Eater (Tulennielij?),Herold Syred,2005,74,Business Development,23,IE,Kill
Blood Runs Cold,Geri Brevitt,2008,13,Product Management,1,FR,Levallois-Perret
"Call of Cthulhu, The",Reinald Bruun,2009,64,Support,46,CN,Dengnan
The Pokrovsky Gates,Miof mela Waterfall,2007,11,Training,45,LB,Bcharr?
"Cruel Romance, A (Zhestokij Romans)",Stafford Wedge,2008,78,Sales,73,ID,Banjar Dharmasemedi
"Sunset Limited, The",Otis Caulkett,2010,9,Engineering,51,PL,Lidzbark
"Innkeepers, The",Nikola Marcinkowski,1995,93,Human Resources,62,RU,Kurlovo
Murder on the Orient Express,Ericka Ghiriardelli,1992,23,Human Resources,77,ID,Karangdawa Barat
Facing Ali,Klemens Glave,2008,70,Product Management,52,IS,H?fn
Doc,Mandy Presnail,1999,88,Services,77,FR,Troyes
New York Cop (Ny? Y?ku no koppu),Townie Moulds,2004,65,Human Resources,49,MA,Tamorot
"Five Pennies, The",Adi Everwin,2012,34,Human Resources,100,TH,Song
Stop Making Sense,Tonnie Hockey,2003,91,Accounting,79,ID,Ratenggoji
Keith,Krishnah Mattityahou,2009,26,Engineering,37,CN,Longcang
Dragonwyck,Lorant Polk,2008,7,Research and Development,31,ID,Mungkin
Industrial Symphony No. 1: The Dream of the Brokenhearted,Marshall Davidek,2002,60,Research and Development,80,CN,Yeshan
Wuthering Heights,Wiley Gaine of England,2009,56,Product Management,83,ID,Jatirejo
Arbitrage,Brucie O' Quirk,1977,5,Training,45,CN,Nanzhao
"Love Movie, The (Rakkauselokuva)",Bryan St. Quentin,2005,34,Product Management,73,RU,Korkino
"Summer Hours (Heure d'?t?, L')",Tamera Hosby,1990,44,Human Resources,50,CN,Jiangkou
"Brady Bunch Movie, The",Cassandra Hallsworth,2004,74,Support,90,US,Orlando
Bal (Honey),Lorilyn Yearne,1967,69,Services,93,CN,Doushan
Synchromy,Trudi Lacelett,1997,40,Human Resources,10,ID,Karangbungur
Anchorman: The Legend of Ron Burgundy,Gilly McOnie,2009,48,Training,56,RU,Perovo
Becoming Jane,Saunders Frenchum,1991,9,Sales,2,ID,Pondokaso
Keep the Lights On,Brier Kovalski,2006,56,Accounting,96,ID,Bagangan
Miss Congeniality,Jaimie McMoyer,2004,35,Human Resources,6,CN,Xibu
Fahrenheit 9/11,Vanya Abrahams,1989,50,Research and Development,92,KG,At-Bashi
Anywhere But Here,Demetra Landsberg,2010,82,Training,27,CN,Hongsi
Houseguest,Evania Courson,2008,83,Business Development,79,CN,Hancheng
Mad City,Alexi Bartoszewicz,2011,48,Marketing,65,ID,Karangranjong
Hallelujah!,Read Margery,2011,42,Research and Development,35,AL,Vlor?
Mad Dogs & Englishmen,Quincey Cruickshank,2010,21,Legal,63,RU,Pristen?
"Ivan the Terrible, Part Two (Ivan Groznyy II: Boyarsky zagovor)",Lorne Baitman,2007,71,Business Development,42,ID,Sukakerta
Passion Play,Morty Tomaskov,1994,87,Research and Development,21,EH,Dakhla
Street Fighter II: The Animated Movie (Sutor?to Fait? II gekij?-ban),Duky Poel,1992,6,Support,66,SE,Lule?
Heart of Dragon (Long de xin),Hyman Dyte,2013,87,Legal,11,LK,Sri Jayewardenepura Kotte
The Indifferent Beauty,Zulema Guilliatt,2002,22,Services,57,CN,Peixing
Pride and Prejudice,Caryl Anespie,2000,71,Services,75,PH,Reina Mercedes
Typhoon (Tae-poong),Ariela Rennock,2011,27,Product Management,7,AF,Bala Murghab
Kiss of the Damned,Jorry Lamputt,2010,47,Legal,23,ID,Poncokusumo
Silkwood,Iggy Sommerfeld,1996,79,Product Management,68,GR,Pr?manta
The Casino Murder Case,Theodora Synder,2009,26,Accounting,63,CN,Zhujiachang
Meet Joe Black,Carissa Musk,1992,46,Services,47,CZ,V?etaty
"Likeable Mister R, The (Simpaticul domn R)",Lucretia Fairbourne,2012,59,Training,71,RS,Vo?dovac
Cargo,Kevin Witcherley,1996,33,Sales,32,JO,Al Kittah
Blind Pig Who Wants to Fly (Babi buta yang ingin terbang),Eberto Finkle,2012,76,Product Management,55,PE,Pucacaca
"Delicate Balance, A",Kermie Pevsner,2000,27,Product Management,59,CA,Delson
"Go-Between, The",Cesar Bellay,2004,79,Business Development,31,PH,Dangcalan
"Steal Big, Steal Little",Yoko Forrest,1996,34,Accounting,93,ID,Pangligaran
Love Before Breakfast,Lu Longworthy,2000,91,Research and Development,22,BG,Chernomorets
Sunset Strip,Willdon Randles,2001,81,Support,88,US,Tallahassee
"Secret, A (Un secret)",Yance Sinclaire,2001,64,Human Resources,80,BR,Vargem Grande do Sul
Death of a President,Clementius Cutbirth,2010,85,Accounting,54,RU,Nizhnedevitsk
Ironclad 2: Battle for Blood,Berte Pennazzi,2007,59,Engineering,84,ID,Congkar
Suzy,Abigail Stollhofer,1993,30,Services,80,ID,Purwa
Act Da Fool,Hiram Jarrel,1987,49,Legal,47,CN,Lusigang
"Paralyzing Fear: The Story of Polio in America, A",Floyd Wedon,2003,77,Sales,89,CA,Magog
Urgh! A Music War,Forest Sussans,2000,89,Engineering,19,MN,Javarthushuu
No Logo,Kally Cankett,1994,28,Legal,52,FM,Pisaras
Seaside (Bord de Mer),Dianna Gowdridge,1988,83,Legal,15,CN,Jingxin
Sublime,Harris McKinnon,1985,3,Marketing,95,US,Las Vegas
Pinky,Othelia Kulis,2000,19,Engineering,87,SO,Marka
"Ladies Man, The",Celestyn Maber,1988,51,Human Resources,63,FR,Metz
Broken Blossoms or The Yellow Man and the Girl,Catha Attaway,2006,15,Support,17,RU,Izhmorskiy
Colourful (Karafuru),Roscoe Simak,1999,55,Sales,51,ID,Sumberpinang Satu
Candy,Emlen Ferris,2001,75,Marketing,35,GR,Ts?koi
"Girl, Positive",Ada Mateiko,2005,22,Accounting,8,TH,Ban Mo
Tom Sawyer,Renaldo Westphalen,2002,86,Sales,51,TR,Yenik?y
My Sons (Musuko),Tommi Grevel,2006,33,Training,61,MG,Ihosy
Kamome Diner,Querida Baszkiewicz,2012,93,Sales,9,PH,Klinan
Take the High Ground!,Nancee Dawe,2005,74,Business Development,89,ID,Nunhala
Joffrey: Mavericks of American Dance,Rubina Siaspinski,2009,27,Product Management,43,GB,Horton
Passion,Juana Rafe,2000,54,Product Management,94,CN,Tianqian
Dominion Tank Police (Dominion),Klara Seiffert,1992,89,Business Development,38,SE,Tran?s
Casualties of War,Carolee Rowney,2010,31,Marketing,66,JP,Sugito
"I Love, You Love (Ja milujem, ty milujes)",Geralda Geertz,2008,97,Product Management,40,ID,Suwaduk
Last Tango in Paris (Ultimo tango a Parigi),Charity Spohr,1993,46,Training,33,PT,Queluz de Baixo
Lady Killer,Christoper Jewer,1991,50,Accounting,13,AR,Avellaneda
"Seagull's Laughter, The (M?vahl?tur)",Catlee Slark,1994,28,Product Management,15,CN,Shangqiu
Lenny Bruce: Swear to Tell the Truth,Tobin Beentjes,2003,37,Business Development,77,BO,Yacuiba
"Silver Chalice, The",Franz Leethem,1999,63,Marketing,45,PE,Potoni
"King of Comedy, The",Gerrard Bierman,1987,67,Product Management,81,FR,Le Mans
Meet the Spartans,Hephzibah Barensen,2012,100,Engineering,4,MX,Venustiano Carranza
Thunder Rock,Biddie Shawl,2006,67,Research and Development,16,CU,Regla
Soo (Art of Revenge),Kerrie McGourty,2011,87,Engineering,84,RU,Rostokino
"Town, The",Brenn Cranefield,1992,59,Research and Development,35,HR,Lepoglava
Thank You a Lot,Humfrid Eouzan,2004,23,Product Management,65,ID,Ciseuseupan
"Legend of Bagger Vance, The",Ryon Jerram,2012,65,Legal,42,CN,Gancheng
"Curse of the Werewolf, The",Dayna Christmas,2008,67,Training,30,CN,Jiefang
Promised Land,Heinrik Lytton,1994,52,Business Development,14,ID,Pamanukan
"Nugget, The",Jedediah Ferfulle,1991,64,Marketing,11,PS,Ban? Zayd
Chaos,Spike Rotlauf,2009,30,Legal,69,RU,Bogandinskiy
"Ballroom, The (Chega de Saudade)",Charmion Rodie,2009,57,Accounting,5,PH,General Luna
009 Re: Cyborg,Abramo McVittie,1999,76,Accounting,84,CO,San Diego
But I'm a Cheerleader,Cirilo Drinnan,2001,98,Sales,70,ID,Pucangkrajan
Cargo,Auroora Spino,2002,70,Services,98,RU,Kuz?minskiye Otverzhki
"Untouchables, The",Paulette Lemmanbie,2010,16,Human Resources,73,CN,Long?an Chengxiangzhen
To Cross the Rubicon,Cleon Tellenbroker,2006,70,Engineering,86,ZA,Ballitoville
Jaws 3-D,Aksel Greengrass,1994,23,Legal,74,CA,Cochrane
Frequently Asked Questions About Time Travel,Kelli Drakes,1998,52,Product Management,16,MX,El Tejocote
Graffiti Bridge,Valentia Merrill,2009,8,Legal,83,CN,Zoushi
Anima Mundi,Langston Borges,2001,34,Support,64,ID,Kenarilang
alaskaLand,Murdock Yewman,1984,28,Marketing,89,TH,Lamduan
"Making of a Legend: Gone with the Wind, The",Vilma Holdron,2004,90,Sales,2,CN,Jiaoxiyakou
"Henry: Portrait of a Serial Killer, Part 2",Lucian McCrisken,1993,69,Legal,13,ID,Seren Barat
Disclosure,Oona Ortler,2007,60,Training,57,CN,Shuidong
It Happened to Jane,Gerardo Gehrts,2009,24,Marketing,52,UA,Kodyma
"Place Beyond the Pines, The",Jaime Peat,2010,78,Accounting,20,RU,Grazhdanskoye
My Boy,Rudolf Wehnerr,1995,70,Product Management,83,CN,Yanling
Nicht mein Tag,Lucias Evert,2003,24,Engineering,24,CN,Yitang
"Brasher Doubloon, The",Meredith Durbyn,2007,54,Legal,92,PT,Vila Boa do Bispo
"Name of the Rose, The (Name der Rose, Der)",Camellia Zorzenoni,1992,82,Legal,89,VN,Ti?n Ph??c
Showtime,Sonnie Ehrat,2007,39,Engineering,35,EE,Narva
Babylon 5: A Call to Arms,Eirena Jefferies,1993,27,Sales,28,KR,Gongju
Witless Protection,Tadio Scullion,1993,13,Engineering,12,CN,Tianzishan
Plain Dirty (a.k.a. Briar Patch),Laureen Corney,1996,91,Training,72,ID,Oesao
Hearts of Darkness: A Filmmakers Apocalypse,Alfi Wagstaffe,1995,58,Sales,63,RU,Kropotkin
Topkapi,Arni Crookes,2006,27,Business Development,95,ID,Cibatuireng
24 City (Er shi si cheng ji),Andi Gerger,2008,100,Human Resources,13,DO,Santa Cruz de El Seibo
Blood and Bone,Burnard Adkins,2006,61,Support,17,XK,Orahovac
Rush Hour,Anet Alliband,2007,98,Training,98,HR,Laslovo
Super Fly (Superfly),Micky Chatwood,2001,99,Engineering,96,US,Denver
Dragon Ball Z the Movie: The Tree of Might (Doragon b?ru Z 3: Chiky? marugoto ch? kessen),Rose Polet,2004,94,Marketing,12,CA,Coaldale
Trans,Eamon McSaul,1993,52,Training,80,RU,Ekazhevo
Tune in Tomorrow...,Delcina Sandry,2011,93,Legal,65,CN,Xiyang
My Life,Onofredo Iddenden,1994,19,Human Resources,98,CN,Dongdajie
"Family, The (Famiglia, La)",Binny Chalfont,1997,58,Training,74,CZ,?enov
Mad Dog Time,Dallon Harefoot,1985,54,Research and Development,31,BD,Baniachang
"Patriot, The",Moises Fairchild,1993,79,Sales,39,ID,Kaliwates
Peg o' My Heart,Ryley Hagart,2009,14,Marketing,47,CN,Lingbei
"Company, The",Albina Scamadine,1996,14,Product Management,79,ID,Margasari
OKA!,Alidia Tydeman,2005,99,Support,100,MA,Rabat
3 Little Ninjas and the Lost Treasure,Daniel Garrit,1993,97,Training,30,FR,Chartres
Plastic Paradise: The Great Pacific Garbage Patch,Arte Yeandel,2002,66,Human Resources,48,BR,Jos? de Freitas
Double Impact,Cort Toseland,2009,59,Services,64,PL,Laliki
She Done Him Wrong,Nevin Spollen,1994,6,Support,28,EC,La Troncal
Operation Crossbow,Adelice Pumfrey,2007,33,Services,14,CN,Baxiangshan
American Ninja 2: The Confrontation,Wyndham Mapledoore,1999,62,Engineering,52,US,Hampton
Herb & Dorothy,Susy Schall,2012,55,Sales,50,CN,Xuancheng
Black Moon,Lisha Westgate,2002,11,Legal,43,MK,Sredno Konjare
Naked Lunch,Marlene Rosini,2006,42,Human Resources,25,JP,Gose
Tromeo and Juliet,Gabriel Tibb,2001,36,Accounting,46,CN,Shigutang
"Wreck of the Mary Deare, The",Karrah Giocannoni,1992,97,Human Resources,60,CN,Bailiang
Passionada,Claiborn Boyce,1996,43,Engineering,24,FR,Paris 14
Rapture-Palooza,Symon Lavall,1996,68,Marketing,72,CA,Pickering
Cold Fish (Tsumetai nettaigyo),Trixie Becken,1991,18,Training,62,FR,Ajaccio
Knocked Up,Mirelle Lilford,1994,11,Research and Development,34,BR,Guaratinguet?
Waiting for Forever,Zilvia Coppock.,1992,11,Business Development,72,PE,Taraco
Fandango,Kayla Readett,2009,18,Legal,14,CN,Muyi
Neighbouring Sounds (O som ao redor),Kristy Smullin,2010,97,Business Development,8,MX,San Antonio
"Householder, The (Gharbar)",Vick Fann,2011,5,Marketing,30,CN,Erdu
Winning Streak,Raymond Bonds,1987,4,Training,38,ID,Cibinong
Arcade,Elspeth Hysom,2012,57,Support,69,CN,Hongchuan
House of Dracula,Scot Bourley,2004,62,Product Management,30,SE,Kalmar
Who Wants to Kill Jessie? (Kdo chce zab?t Jessii?),Arabella Breit,2000,72,Accounting,35,CI,Songon
Here Without Me (Inja bedoone man),Garrett Glasscott,2003,21,Accounting,49,GL,Uummannaq
Grosse Pointe Blank,Gonzalo Nolleau,2002,97,Training,21,RU,Shumyachi
Exit,Katleen Matveiko,1991,1,Research and Development,30,LT,?ie?mariai
French Film,Min Coppeard,1998,46,Engineering,13,PL,Sobienie Jeziory
Susannah of the Mounties,Cordelie Grote,2008,43,Marketing,70,MN,Avdzaga
Blind Massage (Tui na),Charita Sandy,1984,18,Product Management,48,CN,Mudanjiang
Inn of Evil (Inochi b? ni fur?),Virgil Capeling,2003,20,Legal,81,AM,Dalarik
Exam,Alene Shiel,1993,1,Business Development,69,CN,Pu?an
Trapped Ashes,Terence Smythin,1986,36,Accounting,31,MX,Benito Juarez
Call Northside 777,Shara Cheverell,1992,35,Training,15,CN,Qiaozhen
Foolproof,Miles Holehouse,2004,75,Product Management,4,CN,Gongrong
Street Scenes,Karel Antonoczyk,2004,57,Engineering,1,FR,B?thune
Chinese Odyssey 2002 (Tian xia wu shuang),Genvieve Ballsdon,2000,12,Sales,98,CN,Bayang
All Things Fair (Lust och f?gring stor),Silvan Carette,2006,51,Business Development,25,JP,Kashima-shi
"Terrible Kids (Enfants terribles, Les) (Strange Ones, The)",Hermine LAbbet,2009,63,Product Management,11,EG,Kafr az Zayy?t
"39 Steps, The",Tanya Hanhard,2010,35,Marketing,93,FR,Armenti?res
Creator,Adams Scatchar,2001,54,Training,56,BG,Berkovitsa
Dumb & Dumber (Dumb and Dumber),Craig Domenicone,1996,61,Legal,54,KZ,Tobol
Don't Make Waves,Dionis Harrow,2003,90,Services,23,MY,Kangar
Black Orpheus (Orfeu Negro),Otho South,2012,39,Services,98,BR,Palmeira
In Vanda's Room (No Quarto da Vanda),Hasty Lubomirski,2006,22,Business Development,52,PT,Santo Amador
"Yank in the R.A.F., A",Farra Jodrelle,1996,41,Engineering,100,NZ,Taipa
"Moment of Truth, The (Il momento della verit?)",Nikolia Caldow,1992,3,Business Development,79,RU,Georgiyevsk
Buffalo Bill,Rani Vieyra,1999,26,Product Management,32,PE,Bambas
Grandmother,Bary Dillon,1994,33,Human Resources,27,CU,Madruga
Animal Room,Briana Gregg,1991,9,Accounting,23,IR,Aleshtar
"Adventure of Sherlock Holmes' Smarter Brother, The",Abigale Ivashchenko,1999,91,Marketing,72,US,Columbus
Cry of the Banshee,Fanni Hoppner,1977,65,Engineering,36,MD,R??cani
Harem,Onida Nana,1963,74,Sales,15,CN,Songgui
"Adventures of Sebastian Cole, The",Lancelot Flamank,1999,20,Business Development,93,US,Montgomery
"Town is Quiet, The (Ville est tranquille, La)",Billye Finnimore,1995,90,Research and Development,99,CN,Fengcheng
"Lost, The",Arley Lantuffe,2002,68,Human Resources,4,CN,Pingdong
Hidalgo,Gennifer Ewbanche,2010,25,Research and Development,14,CN,Shuangtang
Gates of Heaven,Zackariah Drysdale,1999,4,Services,31,CO,Cartagena del Chair?
Meet John Doe,Emlyn Mottershead,1996,81,Training,54,PE,Mariposa
"Early Years: Erik Nietzsche Part 1, The (De unge ?r: Erik Nietzsche)",Tucker Forsdyke,1992,33,Sales,69,BR,S?o Sebasti?o do Ca?
Wee Willie Winkie,Pren Hulcoop,2010,59,Services,66,ID,Oebaki
"Untouchables, The",Cyrill Rousel,2010,48,Services,92,US,Grand Rapids
9th Company,Jacintha Dougary,2002,16,Accounting,57,RU,Novo-Peredelkino
Tokyo Fist (Tokyo ken),Shanon Stetlye,1998,98,Product Management,48,RU,T?playa Gora
Pure One (Pakeezah),Hayden Murkus,1999,61,Training,1,SI,Turni??e
"Liar's Autobiography: The Untrue Story of Monty Python's Graham Chapman, A",Umberto Brusin,2008,84,Marketing,29,SY,Sa?sa?
Gods and Generals,Brenden Hosburn,1957,5,Human Resources,85,RU,Tyukalinsk
Once Upon a Time in Anatolia (Bir zamanlar Anadolu'da),Nelson Gunderson,2007,73,Business Development,88,FR,Roissy Charles-de-Gaulle
Brother (Hermano),Cross Melato,2004,61,Business Development,56,MK,Demir Hisar
Wind Across the Everglades,Laural Archibould,2009,99,Product Management,38,CZ,Rumburk
Hotel Reserve,Gabriele Robardey,2009,92,Support,89,PL,Kamieniec
Women Art Revolution,Odetta Testin,2009,83,Marketing,86,CN,Wentai
Saw III,Koralle Merry,2005,35,Business Development,18,IE,Tr? Mh?r
"Mother's Courage: Talking Back to Autism, A",Kacey Longmead,2012,61,Marketing,51,PH,Kajatian
Kissing a Fool,Nike Snelgrove,2012,36,Training,9,PE,Palcamayo
Man on the Flying Trapeze,Viviyan Gaskin,1984,47,Research and Development,33,FR,Tours
"Captain's Paradise, The",Fabian Pentony,1989,6,Training,93,EG,Basy?n
Entertaining Angels: The Dorothy Day Story,Reginauld Gobat,1989,89,Business Development,28,NO,Skien
In the Fog (V tumane),Roi Inett,2011,63,Legal,89,CN,Longxi
Party Monster,Gerty Pruvost,1984,61,Marketing,82,CU,Santiago de Cuba
"Attack, The",Ryann Jurries,2000,36,Engineering,49,SN,Gandiaye
4 Little Girls,Wylie McEntee,2007,42,Sales,77,PL,Mikstat
Plunkett & MaCleane,Jess Millery,1986,14,Support,17,HN,Amapala
Action Jackson,Augustina Hendriks,1999,96,Research and Development,96,UG,Dokolo
Don Jon,Nilson Goldson,2000,20,Research and Development,3,CA,Wabana
Charlie Chan in Paris,Blinni Bocock,2005,97,Services,97,PL,Poniatowa
Seventh Horse of the Sun  (Suraj Ka Satvan Ghoda),Lemuel Roussel,1989,20,Sales,73,UA,Mizoch
Charlie Chan in Panama,Jean MacAfee,2012,29,Research and Development,30,PT,Meirinhas
Hell Drivers,Karlotta Mowsley,1988,21,Human Resources,100,ID,Semampirbarat
Fun is Beautiful,Haley Thursfield,2002,92,Human Resources,78,CZ,Javorn?k
Taxi for Tobruk,Mose Richie,1984,38,Services,60,CN,Shangqiu
Saving Shiloh,Brantley Grunwald,1992,20,Sales,88,PH,Claveria
"Happiest Days of Your Life, The",Richmound Fosdike,1999,67,Business Development,82,SE,Kung?lv
Beyond Rangoon,Minette Vuitte,2006,78,Human Resources,34,ID,Singosari
Unspeakable Acts,Dawn Mouse,2004,60,Business Development,68,ID,Pledo
Confetti,Laurence Popham,1990,54,Sales,34,YE,Ad Dimnah
Restoration,Lorin Linnemann,1984,77,Human Resources,70,SE,Stockholm
Mean Machine,Junette Slora,2012,45,Legal,47,FR,Arles
"Independent, The",Janel Alford,2004,8,Business Development,21,ID,Lamalera
Dogtown and Z-Boyz,Padgett Kilfether,2006,79,Human Resources,47,AL,Sevaster
"Brass Teapot, The",Zsa zsa Hagart,1997,35,Marketing,38,CN,Wuxiang
The Appointments of Dennis Jennings,Ritchie Attwoul,1993,23,Business Development,72,ID,Hadakewa
Some Girl(s),Gale Truluck,1999,19,Human Resources,46,ID,Margasana
Shadows of Our Forgotten Ancestors (Tini zabutykh predkiv),Gram Mangenet,1994,59,Accounting,35,HN,Marcala
Possible Worlds,Kitty Melross,1997,45,Human Resources,53,CN,Cishangang
The Anderssons in Greece: All Inclusive,Poppy Bruniges,2011,46,Training,97,ID,Balong
Tremors II: Aftershocks,Claribel Burnham,2012,44,Legal,96,CN,Zhongxing
Making Love,Art Benini,2010,98,Product Management,73,PH,Bayawan
Red Salute,Retha Radclyffe,1961,30,Accounting,57,CN,Nanyuan
Up!,Broddy Pezey,1992,93,Support,1,ID,Napu
"Bakeneko: A Vengeful Spirit (Kaiby? nori no numa) (Ghost-Cat Cursed Pond, The)",Brockie Capstick,2004,67,Human Resources,87,RU,Bokhan
Space Is The Place,Norrie Dawkins,2005,36,Support,16,CU,Arroyo Naranjo
Black or White,Aguste Guillon,2007,22,Accounting,70,PH,Maibu
My First War,Kathryn Staniland,1993,92,Engineering,28,CO,Campoalegre
Don McKay,Kathy Haestier,1991,20,Training,57,GB,Kingston
"Adventures of Sharkboy and Lavagirl 3-D, The",Evonne Vandenhoff,1963,99,Research and Development,78,BG,Isperikh
The African,Gallagher Andreichik,1984,78,Accounting,88,AL,Fier
Penguins of Madagascar,Fairleigh Stump,2010,10,Training,53,US,Salt Lake City
Let My Puppets Come,Farand Shrimpton,2011,34,Product Management,75,CN,Lisui
Persuasion,Zondra Pounds,2008,66,Engineering,12,XK,Junik
"Devil's Ground, The",Halsy Reynolds,1993,50,Research and Development,35,RU,Lesnoy
Simple Men,Stevie Bellham,2006,47,Legal,47,PH,Mayapusi
Summer with Monika (Sommaren med Monika),Darrin Childerley,2005,11,Accounting,88,AR,General Manuel J. Campos
"City of Your Final Destination, The",Teodor Cluely,1992,43,Legal,26,CN,Laifang
Electra Glide in Blue,Jojo MacKessock,2010,75,Product Management,29,KM,Chandra
Hellhounds on My Trail,Christean Jennemann,1992,23,Engineering,57,CN,Chahe
Across the Sea of Time,Jinny Slayton,1994,4,Business Development,92,BR,Limoeiro
Fame High,Gilbert Winterton,1993,92,Product Management,7,CN,Xinan
In Search of a Midnight Kiss,Lyndel Findlater,1985,28,Sales,49,PH,Prinza
Mr. Deeds,Meyer Blackburn,2010,60,Support,95,HR,Ku?e
Head On,Falito Girke,1992,41,Human Resources,54,CZ,Mikul?ovice
Gone,Troy Letchmore,1995,94,Sales,44,FR,Marne-la-Vall?e
Born into Brothels,Danielle Audley,2001,71,Business Development,69,US,Boston
Shooting War,Albina Teal,2011,30,Support,44,CN,Hengjiang
Cheri,Vivia Jessel,2012,37,Support,49,ID,Bugis
The Connection,Lurette Caesmans,1992,5,Accounting,50,ID,Sasa
Leatherface: Texas Chainsaw Massacre III,Anita Hasard,2008,23,Training,31,BO,Riberalta
"Bobby Jones, Stroke of Genius",Ring Thon,2000,97,Business Development,40,PT,Pinhal General
To the Shores of Tripoli,Constantin Byrth,2004,78,Research and Development,95,UA,Vyshneve
Wallace & Gromit: The Wrong Trousers,Mirella Shaddick,2005,82,Legal,6,CN,Lincheng
Blind Spot: Hitler's Secretary (Im toten Winkel - Hitlers Sekret?rin),Elenore Fosserd,1992,94,Marketing,57,CN,Huaguo
Red Lights,Zoe Hamblen,1961,16,Product Management,24,ID,Kebon
"Trials of Oscar Wilde, The",Arvie Fowler,1999,86,Engineering,81,PT,Lomba do Lou??o
Fat Albert,Stanleigh Penwright,1997,17,Support,86,GR,Oin?fyta
Nativity 2: Danger in the Manger!,Jocelyne Bastie,2010,4,Human Resources,54,CN,Shiguai
Billy Bathgate,Laurella Draysay,1994,71,Sales,30,CZ,Batelov
Bad Company,Merrill Jagoe,2012,67,Services,9,ID,Olejet
Machete,Tomasine Iacovaccio,2011,85,Research and Development,50,CN,Chishui
"Man in the Iron Mask, The",Logan Guerola,1999,20,Support,49,UA,Mukacheve
Enigma,Timothea Alwood,2011,46,Legal,72,CN,Jianxin
"Girl on the Train, The (La fille du RER)",Feodora Pedlar,1993,37,Legal,84,PH,La Libertad
Captain from Castile,Rosabella Van Castele,1992,60,Product Management,43,BG,Aksakovo
"Wonderful, Horrible Life of Leni Riefenstahl, The (Macht der Bilder: Leni Riefenstahl, Die)",Merry McKirdy,1991,6,Engineering,64,CN,Xiaoling
"Wild Parrots of Telegraph Hill, The",Harmonia Dirr,1990,29,Marketing,59,PE,Challhuahuacho
Heckler,Julius Shera,2009,91,Services,7,PH,Libon
Tapia,Wilmer Smurfitt,1997,85,Marketing,89,CN,Yunzhong
Katatsumori,Pall Wolfindale,1955,74,Product Management,86,JO,?Izr?
"Little Mermaid 2: Return to the Sea, The",Aura McComas,1998,51,Accounting,82,BY,Dowsk
Act of Violence,Tiphany Totman,2005,28,Marketing,36,CO,Jenesano
Simply Irresistible,Wiatt Reven,1987,79,Accounting,98,ID,Cimenga
Harum Scarum,Lenna Dawidowsky,1998,85,Legal,100,CN,Biyong
Torn,Augusta Shreeve,2010,16,Services,28,CN,Danyang
Major League,Juditha Jepperson,1995,5,Research and Development,43,PH,Tanudan
Fast Lane,Edy O Sullivan,2011,72,Business Development,47,CZ,Vnorovy
Milka - A Film About Taboos (Milka - elokuva tabuista),Abbie Udall,2010,27,Human Resources,81,KG,Jalal-Abad
Seal Team Eight: Behind Enemy Lines,Berry Foulcher,2001,87,Legal,99,BY,Byerazino
Case 39,Redford Shrawley,2001,91,Legal,65,TJ,Palos
Someone Marry Barry,Samara Baddow,1986,63,Marketing,90,PK,Rustam jo Goth
Great!,Moe Cowhig,1983,43,Sales,39,SA,Najr?n
Powder,Thia Heart,2007,43,Engineering,44,CN,Nianyushan
"Limey, The",Nikola Coleshill,2004,56,Marketing,49,PL,Piasek
Annie Oakley,Lanae Lynagh,1991,11,Support,74,ID,Jorok Dalam
Assault of the Sasquatch (Sasquatch Assault),Bride De Gouy,2006,21,Accounting,23,PL,B?onie
Age of Uprising: The Legend of Michael Kohlhaas (Michael Kohlhaas),Karil Perell,1995,29,Sales,59,PL,Olesno
'Neath the Arizona Skies,Latrina Micklewright,2001,22,Support,43,NO,Oslo
Safe Passage,Honey Goatman,2006,31,Engineering,57,AL,Gradisht?
Iraq in Fragments,Jilli Longcaster,2005,25,Human Resources,90,CU,R?o Guayabal de Yateras
"Nosferatu (Nosferatu, eine Symphonie des Grauens)",Ladonna Lampard,1999,35,Training,68,PE,Uticyacu
Cartouche,Holly-anne Crallan,2001,49,Legal,77,CZ,Tou?im
Almanya - Welcome to Germany (Almanya - Willkommen in Deutschland),Stillmann Stanyland,2000,88,Accounting,49,PL,Dzwola
"Indian Runner, The",Ruthi Skinn,2011,4,Business Development,18,AR,Rufino
Wake Wood,Clint McIlheran,2010,70,Marketing,92,RU,Ol?ginskaya
Casual Relations,Davey Litel,1988,58,Sales,27,JP,Niihama
One Lucky Elephant,Curtis Meriel,2007,65,Legal,10,US,Milwaukee
Synth Britannia,Emmi Ashcroft,2009,25,Product Management,79,PK,T?nk
Emmanuelle 2,Milena Romand,2006,93,Legal,92,CN,Rudong
"Taira Clan Saga, The (Shin heike monogatari)",Cordy Wonfor,1987,20,Marketing,40,KM,Oussivo
Philomena,Gabie Theseira,2001,13,Marketing,28,RU,Novokhovrino
Learning to Ride,Hettie Pywell,1992,80,Sales,40,CN,Dongchen
"Mis?rables, Les",Lorianne Dunn,1990,50,Human Resources,69,PE,Copa
"Child, The",Herculie Sinderland,2001,40,Product Management,33,CZ,Lou?n? nad Desnou
Brother (Brat),Hartwell Guillot,1985,25,Product Management,77,CN,Xiaolukou
Monster in a Box,Ester Jorissen,2005,43,Support,11,AF,Now Z?d
"Battle of Britain, The (Why We Fight, 4)",Bruce Presidey,1992,67,Sales,41,NL,Hoorn
Paris Blues,Steffie Michallat,2002,20,Research and Development,73,IE,Drumcondra
"Black Camel, The (Charlie Chan in the Black Camel)",Hermine Van Der Weedenburg,2003,88,Services,13,GT,San Crist?bal Totonicap?n
"Herod's Law (Ley de Herodes, La)",Rolland Rogans,2010,40,Engineering,50,CN,Haokou
Pixote,Adella Stanesby,2000,100,Business Development,20,VN,Nam S?ch
America Before Columbus,Wendel Crippell,2000,3,Human Resources,47,CN,Yangjiaqiao
I Always Wanted to Be a Gangster (J'ai toujours r?v? d'?tre un gangster),Reggi Spicer,2006,75,Business Development,40,RU,Romanovo
"Merchant of Four Seasons, The (H?ndler der vier Jahreszeiten)",Kaspar Androlli,2008,15,Legal,75,JP,Okaya
"Touch of Class, A",Mathew Surgeoner,2009,77,Product Management,51,UG,Bukomansimbi
Riot on Sunset Strip,Abbey MacSharry,2010,41,Legal,19,BR,Mirador
Divine Madness!,Darlleen Adel,2002,89,Marketing,14,MN,Tahilt
Third Person,Micky Fritter,2010,18,Business Development,55,PL,Gnie?d?ewo
Mad Bastards,Mavis Stedman,2001,32,Engineering,45,ID,Banda Layung
Gallipoli,Montgomery Clemensen,1997,50,Product Management,81,CA,Waterloo
Blackbird,Garvy Broomfield,2012,12,Marketing,16,SI,Kisovec
Ghost Machine,Sidonnie Crossan,1992,19,Business Development,31,PH,Palagao Norte
Not My Type,Eugenie Dougherty,2007,76,Engineering,97,SE,Sk?vde
I Stand Alone (Seul contre tous),Eldredge Standbrook,2011,27,Legal,5,ID,Sukamaju
Vlad Tepes (Vlad &#354;epe&#351;),Robbi Dunbar,2010,48,Human Resources,38,BO,Villaz?n
Gunday,Bendix Viner,1995,42,Marketing,72,LT,Viek?niai
Porky's,Tedd Giocannoni,1997,3,Training,21,RU,Pechora
The Car,Jacklin MacKimmie,2003,29,Training,1,BA,Donja Dubica
"Bannen Way, The",Abra Faveryear,2001,45,Engineering,99,CN,Hou?an
Jackass: The Movie,Colleen Martensen,1990,68,Sales,89,EC,Cayambe
Rude Boy,Ricki Sibborn,1994,59,Engineering,62,DE,Hamburg
10 minutes (10 minuta),Rollo Daveridge,1997,38,Sales,38,SE,Markaryd
Bright Lights (Adventures in Africa),Ruthe Matous,2002,82,Product Management,81,CN,Jiaoziya
Inseparable,Barn Madigan,2004,9,Engineering,57,BR,Pancas
"Source Family, The",Chuck Meryett,1993,41,Accounting,87,DK,K?benhavn
"Full Monty, The",Mitzi Milch,2002,43,Training,20,ID,Babakan
"Macbeth (a.k.a. Tragedy of Macbeth, The)",Rodney Burgis,2012,68,Business Development,98,SE,Valbo
When Nietzsche Wept,Conchita Rolance,1995,32,Services,5,CN,Shifan
"Adventures of Picasso, The (Picassos ?ventyr)",Hilde Thornton-Dewhirst,1992,42,Accounting,34,PH,Nagpandayan
Home Sweet Hell,Gibbie Lambard,1990,77,Marketing,81,SY,Tall Rif?at
"Three Burials of Melquiades Estrada, The",York Tanfield,1985,19,Support,29,RU,Vilya
Division III: Football's Finest,Winny Brissard,2008,70,Business Development,35,RU,Novosin?kovo
See No Evil,Kiah Iacobucci,2012,37,Support,80,US,Milwaukee
Matrimonial Comedy (Komedia malzenska),Jo-anne Benettolo,2004,27,Accounting,56,LV,Ber?i
Romance on the High Seas,Osbert Snaddin,2011,25,Research and Development,39,PH,Kauswagan
Return of the Killer Tomatoes!,Marinna Palfreeman,2008,28,Sales,48,CN,Jinzhuang
Hamlet Goes Business (Hamlet liikemaailmassa),Gayle Tryme,1999,36,Business Development,100,FI,Pet?j?vesi
8:46,Annnora Rosenwasser,2003,32,Engineering,35,CO,El Banco
Trading Places,Georg Shavel,2005,29,Training,44,MU,Esp?rance Tr?buchet
Bad Girl Island (Sirens of Eleuthera) (Sirens of the Caribbean),Kelby Tripean,2008,17,Training,49,ID,Kalidawe
The Happy Road,Sophey Wateridge,2000,13,Marketing,97,PH,Tartaro
Joe,Marni Franzolini,2000,82,Research and Development,100,MA,Tiout
Brokeback Mountain,Roxi Vanderplas,2010,42,Research and Development,2,ID,Sukorejo
"Fragile Trust: Plagiarism, Power, and Jayson Blair at the New York Times, A",Netti Cannicott,1999,52,Training,67,RU,Tomsk
Naked Violence,Waly Swanson,2007,67,Sales,88,AZ,Bilajari
Ray Harryhausen: Special Effects Titan,Ara Stonnell,1995,49,Services,20,PT,Cortinhas
Games of Love and Chance (L'esquive),Benedick Vaszoly,2003,15,Legal,32,BR,Juazeiro do Norte
Demon Wind,Perl Speir,2008,97,Business Development,84,SI,Velenje
"Map For Saturday, A",Chuck Ciciari,1995,43,Support,100,ID,Curug
Vatel,Berkly Guilder,2005,44,Marketing,18,SE,Nybro
Teenage Mutant Ninja Turtles III,Rooney Kopf,2002,12,Accounting,21,PL,Ciechocin
Just Write,Kathe Abate,2007,45,Human Resources,58,MN,Shiree
My Demon Lover,Briny Doorey,1993,63,Business Development,41,CZ,?t?tn? nad Vl???
Paper Clips,Van Dymott,2004,96,Marketing,7,ID,Makale
Color of Night,Roderick Gounot,2009,92,Legal,59,HR,Gospi?
"End of the Affair, The",Elden Leidecker,1992,81,Training,71,CZ,Le?tina
Free Fall,Giulietta Snoday,1989,52,Training,72,PW,Koror
M?tisse (Caf? au Lait),Rudolf McCreagh,1998,43,Accounting,60,ID,Panoongan
Future Weather,Jillayne Byre,1997,66,Services,25,XK,Klokot
"Rendez-vous d'Anna, Les (Meetings of Anna, The)",Alie Parsonson,2004,50,Services,17,TH,Si Prachan
Fireproof,Barb Liebmann,1998,9,Support,47,CN,Gaoshi
"Power of Nightmares, The: The Rise of the Politics of Fear",Bealle Durward,2013,33,Support,61,CN,Zhonghuopu
"Bells of St. Mary's, The",Joelie Gabits,1995,76,Legal,65,SY,Al M?lik?yah
Rodan (Sora no daikaij? Radon),Amelie Fetterplace,2008,80,Legal,20,CN,Pingtan
Eros (Men and Women) (Noite Vazia),Charmine Need,2006,24,Sales,84,CN,Zhanlong
April Story,Aluino Howett,1996,17,Human Resources,89,CN,Zhongcheng
"Passion of Darkly Noon, The",Hi Stapley,2007,20,Services,49,FR,Rungis
"Freshman, The",Tyrus Reddel,1989,67,Sales,26,RU,Mamonovo
Beautiful Boxer,Hercule Lankham,1996,56,Accounting,28,BO,Vallegrande
Belle toujours,Muire Dumini,1996,58,Product Management,23,CN,Guangchen
Mr. Warmth: The Don Rickles Project,Nathanial Bosden,1993,53,Accounting,51,CN,Shengshan
Gold Diggers of 1937,Jarad Persian,1981,84,Engineering,89,ID,Bilo
Possession,Mattheus Probyn,1994,51,Business Development,66,PH,Rajal Norte
Alatriste,Mac Van der Mark,2007,68,Engineering,14,BR,Salto
Single White Female 2: The Psycho,Valentijn Aucourte,2003,71,Support,20,AG,Liberta
"Prophet, the Gold and the Transylvanians, The (Profetul, aurul si Ardelenii)",Cori Drewe,2006,48,Product Management,43,RU,Velikiye Luki
"Great Mouse Detective, The",Corina Ledbury,2012,54,Support,25,US,Peoria
"Neon Bible, The",Catlin Sarll,2000,64,Training,27,NG,Runka
The Land Before Time VI: The Secret of Saurus Rock,Winnah Dekeyser,2005,61,Engineering,21,PL,?azy
"Love Nest, The",Roanne Rosellini,2006,55,Services,74,NI,Masachapa
Then I Sentenced Them All to Death (Atunci i-am condamnat pe toti la moarte),Jeddy Lanyon,2007,22,Training,74,ID,Seseng
Cowspiracy: The Sustainability Secret,Ryun Huddart,2006,77,Product Management,52,ID,Roun Satu
Around the World Under the Sea,Bernete Castagnaro,2002,17,Business Development,91,AF,N?k?h
"Art of the Steal, The",Terrell Cordet,2007,13,Business Development,68,CN,Hongdu
Tremors 4: The Legend Begins,Kirsteni Groneway,2003,84,Human Resources,97,JP,Ibara
West Is West,Zea Jeannesson,2009,61,Marketing,22,ID,Binafun
Still Waiting...,Sophia Ordish,2006,6,Marketing,90,RU,Sol?tsy
Berlin Express,Maisie Pinney,2012,43,Accounting,53,CO,Mariquita
"Messenger, The (Ulak)",Arlana Elverston,1996,99,Business Development,28,FI,Karis
21 tapaa pilata avioliitto,Anette Harewood,1990,44,Legal,67,PH,San Juan
Dry Summer (Susuz yaz) (Reflections),Brook Hanhardt,2001,70,Business Development,33,AF,Karukh
Empire of the Sun,Burtie Spowart,2004,10,Research and Development,61,IQ,?alabjah
Watch the Birdie,Dorene Le Maitre,2010,56,Sales,100,CL,La Ligua
Citizen Ruth,Suzanne Guerin,1985,73,Research and Development,57,MG,Moramanga
Inseparable,Mil Mortell,2000,9,Engineering,6,PT,Areeiro
See This Movie,Darlleen Faithorn,1985,36,Marketing,59,CU,Cruces
"Demon in My View, A (Der Mann nebenan)",Patrica Orwin,1993,54,Training,74,ID,Balongmulyo
"Personals, The (Zheng hun qi shi)",Philbert Astlet,1967,27,Services,5,SE,Nacka
Admission,Carlyle Wornum,1993,44,Legal,42,SE,V?ster?s
Matin?e,Fidole Juan,2005,37,Accounting,21,PL,G?uch?w
"Shepherd: Border Patrol, The",Tobie Van Halle,2011,38,Engineering,24,PE,Tisco
Bloody Angels (1732 H?tten: Marerittet har et postnummer),Nealson Doag,2005,29,Marketing,25,FR,Roissy Charles-de-Gaulle
Appointment with Danger,Sandro Bletsoe,2000,99,Marketing,52,BO,La Cueva
"Deluge, The (Potop)",Freemon Probet,1985,5,Legal,45,AF,Ghazni
"Bishop Murder Case, The",Michail Cattermole,2011,87,Sales,34,PH,Arcangel
"Arrival, The",Cortney Froschauer,2010,69,Sales,23,TH,Bang Lamung
Goats,Berna Bonnick,2003,30,Training,70,ID,Sukamulya
"Witches, The (aka Devil's Own, The)",Jannelle Pole,2006,62,Human Resources,26,NI,Matagalpa
"Drum, The (Drums)",Margeaux Schowenburg,2000,94,Sales,27,CN,Jiulian
Fat Albert,Mile Geekie,2006,55,Business Development,48,SY,Mas?adah
"Hunchback of Notre Dame, The",Janka Gilbert,2007,38,Product Management,76,GB,Thorpe
Bhowani Junction,Stacy Foley,2011,37,Legal,18,DE,Hamburg
"Legend of Bigfoot, The",Marabel Diegan,1997,24,Services,80,RU,Karata
"Pride of the Yankees, The",Foss Gentreau,1988,28,Support,93,ID,Kotingnatagete
"Frankenstein Syndrome, The",Trever Sidebotton,2001,15,Training,85,CN,Yushan
"Good Morning, Vietnam",Appolonia Janicek,1996,29,Legal,50,RU,Krivodanovka
Turn Left at the End of the World (Sof Ha'Olam Smola),Natalina Farraway,1989,61,Training,64,CN,Yuefeng
Raanjhanaa,Rory Grinter,2000,40,Business Development,69,FR,Saint-Maurice-l'Exil
Nowhere,Curry Dansey,2003,90,Training,60,IL,Nazareth
Visiting Hours,Cammie Gaul,2004,56,Support,88,PH,Agpangi
"Nosferatu (Nosferatu, eine Symphonie des Grauens)",Abran Mogie,2008,74,Research and Development,5,EG,Al Fayy?m
Moli?re,Timmi Hartropp,2003,99,Research and Development,56,GA,Mayumba
Operation Daybreak,Emmaline Curm,2005,34,Sales,65,TO,Neiafu
"Bridal Party in Hardanger, The (Brudeferden i Hardanger)",Ellwood Buckeridge,1993,46,Human Resources,17,KZ,Tekeli
Corpo Celeste,Hartwell Lawrey,1999,20,Marketing,100,US,Seattle
That Certain Woman,Perren Kiley,2009,17,Sales,99,PL,Dziadkowice
Billy Elliot,Aileen Powe,1999,86,Research and Development,84,CN,Licheng
200 M.P.H.,Dosi St. Queintain,1990,82,Sales,46,CN,Lujing Zhen
Penelope,Trumaine Meriguet,2009,17,Training,13,VN,Thanh Xu?n
"Civil War, The",Elton Neaverson,2009,22,Research and Development,42,MN,Maan?t
Cousins,Adelheid Godier,1996,52,Engineering,23,CA,Saint-Bruno-de-Guigues
Along the Ridge (Anche libero va bene),Norean Ingham,2000,61,Marketing,1,PT,Tarouca
Boy Meets Boy,Cello Raimbauld,2012,16,Training,67,PK,Minchin?b?d
Dr. Gillespie's New Assistant,Harwilll Dahlborg,2012,9,Human Resources,99,PH,Tanza
Kiki's Delivery Service,Arlyn Matysiak,2008,17,Services,55,FR,Lyon
Tin Man,Leonore Mucklow,2006,56,Product Management,89,PH,Sillon
Fuck,Clayton Wolford,2008,47,Engineering,91,CN,Acheng
Flesh Gordon,Bamby Aggio,1988,12,Engineering,11,PH,Paitan Este
Wonderful Days (a.k.a. Sky Blue),Ursala Rotchell,1994,81,Services,53,CN,Pantian
Tales of Ordinary Madness (Storie di Ordinaria Follia),Kelly Buxcy,2010,11,Support,98,SE,J?rf?lla
Islander,Dorothee Hendricks,2012,17,Legal,35,PH,Libertad
Swept Away (Travolti da un insolito destino nell'azzurro mare d'Agosto),Melvin Duester,1992,85,Training,81,CN,Shuiche
El Ni?o,Ettie Bozworth,2004,94,Sales,4,MK,?air
Palindromes,Deva Fairley,2003,66,Training,64,NG,Gwandu
Incident at Blood Pass (Machibuse) (Ambush),Phineas Raper,2009,97,Marketing,5,ID,Karangnongko
Happy Here and Now,Ximenes Alleburton,2012,33,Accounting,31,PS,Bayt L?d
The Jackie Robinson Story,Luciana Hallifax,1992,65,Business Development,94,RU,Presnenskiy
Sweeney Todd: The Demon Barber of Fleet Street,Gertruda Devlin,2006,62,Legal,25,SA,?ubarjal
"Cheat, The",Ellswerth Raoult,1993,73,Engineering,34,NI,San Rafael del Sur
Coffin Rock,Diane Cockerton,2003,32,Legal,43,PA,Agua Buena
"Long Weekend, The",Mace Fermer,2007,80,Business Development,58,ZA,Lydenburg
"Lives of a Bengal Lancer, The",Desmund Drewett,2009,23,Research and Development,30,PH,Lapaz
Martin Lawrence: You So Crazy,Ezmeralda Ackroyd,1998,6,Legal,86,LA,Soukkouma
"Canterbury Tales, The (I racconti di Canterbury)",Alexia Florio,1993,80,Services,72,JP,Kogota
Striking Range,Beau Kemsley,2008,78,Research and Development,5,CZ,Dob??
End of Days,Orton Puckett,2008,59,Engineering,78,RU,Mayma
Whoopee!,Moreen Skowcraft,1998,66,Product Management,98,MX,Loma Bonita
Night of the Comet,Bettine Gilders,1988,91,Accounting,2,PH,Daraitan
"Night of the Shooting Stars (Notte di San Lorenzo, La)",Janenna Lawrinson,2011,91,Legal,56,FR,Cergy-Pontoise
Duel at Diablo,Muhammad Valde,2006,50,Human Resources,75,CN,Luopu
Bustin' Loose,Idaline Avrahamof,2006,43,Sales,38,VN,Minh L??ng
Chasing Beauty,Nigel Hinge,2002,17,Business Development,48,MU,Poste de Flacq
Trick,Elwyn Jowitt,2007,93,Sales,51,CN,Jingling
"Girls, Les",Aggie Berrigan,2003,78,Services,66,CN,Tangjiawan
Kidnapping Mr. Heineken,Toiboid Ladlow,2000,99,Research and Development,46,NE,Tillab?ri
Smooth Talk,Matteo Dilks,1999,8,Product Management,93,GR,Pith?ri
Document of the Dead,Ursuline McSkin,2005,70,Product Management,92,CN,Liebu
Ghost in the Shell Arise - Border 1: Ghost Pain,Candida Bateman,2006,89,Training,36,RU,Ust?-Koksa
"Life of Emile Zola, The",Stanleigh Coorington,1992,21,Product Management,31,MX,Emiliano Zapata
Defiance,Lem Hitter,1994,81,Sales,26,PH,Sabang
Hurry Sundown,Tadeo Woloschin,1986,33,Training,57,PH,Calingcuan
All Quiet on the Western Front,Mae Trenbay,1998,25,Accounting,33,BF,Kombissiri
"Misadventures of Margaret, The",Brandie Swinley,2003,22,Research and Development,74,CN,Lucheng
"Actress, the Dollars and the Transylvanians, The (Artista, dolarii si Ardelenii)",Abel Rippon,2009,34,Product Management,7,HT,Thomassique
Blood Moon,Charity Good,2004,10,Support,99,LV,Varak??ni
Curse of the Blair Witch,Albert Kinsman,1989,7,Engineering,95,CN,Heshui
"War on Democracy, The",Moyna Duchasteau,2009,83,Business Development,25,VU,Isangel
Looking for Lenny,Tabatha Ferrotti,2006,21,Sales,69,DO,Fantino
Twice Upon a Time,Kittie Tattoo,1993,25,Support,35,JM,Cambridge
"Not for or Against (Quite the Contrary) (Ni pour, ni contre (bien au contraire))",Savina Paradyce,2009,82,Support,19,CN,Taozhuang
Desire Under the Elms,Lil McAughtrie,2009,47,Legal,78,CN,Huiwen
Resident Evil: Extinction,Edlin Kneesha,2001,83,Accounting,34,ID,Pulosari
Freeway,Kissie Alger,1996,2,Sales,81,PH,San Sebastian
